Type,Make_Model,Combined_LP100km
Two Seaters,Acura_NSX,11.200694444444443
Two Seaters,ALFA ROMEO_4C,8.41837982481884
Two Seaters,Aston Martin Lagonda Ltd_Vantage V8,11.229838549250832
Two Seaters,Audi_TT Roadster quattro,9.048385214706304
Two Seaters,BMW_Z4 sDrive30i,8.513014235734106
Two Seaters,Bugatti_Chiron,22.206605237236552
Two Seaters,Chevrolet_CORVETTE,16.132576822746984
Two Seaters,Chevrolet_CORVETTE,12.952915510228056
Two Seaters,Chevrolet_CORVETTE,14.026081607015785
Two Seaters,Chevrolet_CORVETTE,15.635732835218988
Two Seaters,Chevrolet_CORVETTE,13.520022033817117
Two Seaters,Chevrolet_CORVETTE,12.224908959873044
Two Seaters,"Ferrari North America, Inc._488 gtb",13.13446261116881
Two Seaters,"Ferrari North America, Inc._488 gtb",13.265725753388605
Two Seaters,"Ferrari North America, Inc._488 Pista",13.987297047111037
Two Seaters,"Ferrari North America, Inc._488 Pista Spider",14.159743751818517
Two Seaters,"Ferrari North America, Inc._488 Spider",13.13446261116881
Two Seaters,"Ferrari North America, Inc._488 Spider",13.265725753388605
Two Seaters,"Ferrari North America, Inc._812 Superfast",17.630691641931257
Two Seaters,FIAT_124 Spider,8.027856276607121
Two Seaters,FIAT_124 Spider,7.928706181894996
Two Seaters,Ford_FORD GT,17.27651606964041
Two Seaters,Jaguar_F-TYPE Convertible,9.165656766396753
Two Seaters,Jaguar_F-TYPE Convertible,10.36557464704733
Two Seaters,Jaguar_F-TYPE Convertible Manual,12.602041454145413
Two Seaters,Jaguar_F-TYPE Coupe,9.165656766396753
Two Seaters,Jaguar_F-TYPE Coupe,10.36557464704733
Two Seaters,Jaguar_F-TYPE Coupe Manual,12.602041454145413
Two Seaters,Jaguar_F-TYPE R AWD Convertible,13.417907879299555
Two Seaters,Jaguar_F-TYPE R AWD Coupe,13.417907879299555
Two Seaters,Jaguar_F-TYPE S AWD Convertible,11.273975283789074
Two Seaters,Jaguar_F-TYPE S AWD Coupe,11.273975283789074
Two Seaters,Jaguar_F-TYPE S Convertible,10.771328763129413
Two Seaters,Jaguar_F-TYPE S Convertible Manual,12.87668726881885
Two Seaters,Jaguar_F-TYPE S Coupe,10.771328763129413
Two Seaters,Jaguar_F-TYPE S Coupe Manual,12.87668726881885
Two Seaters,Jaguar_F-TYPE SVR AWD Convertible GEN2,12.74951803811248
Two Seaters,Jaguar_F-TYPE SVR AWD Coupe GEN2,12.74951803811248
Two Seaters,Lamborghini_Aventador Coupe,21.462751234883324
Two Seaters,Lamborghini_Aventador Roadster,21.716592343652383
Two Seaters,Lamborghini_Huracan,15.59271744150331
Two Seaters,Lamborghini_Huracan 2WD,15.860085453948816
Two Seaters,Lamborghini_Huracan Spyder,15.59271744150331
Two Seaters,Lamborghini_Huracan Spyder 2WD,15.860085453948816
Two Seaters,MAZDA_MX-5,7.913314986705423
Two Seaters,MAZDA_MX-5,8.100428873667088
Two Seaters,Mercedes-Benz_AMG GT (coupe),12.972775590044526
Two Seaters,Mercedes-Benz_AMG GT (roadster),12.972775590044526
Two Seaters,Mercedes-Benz_AMG GT C (coupe),13.482204440674142
Two Seaters,Mercedes-Benz_AMG GT C (roadster),13.482204440674142
Two Seaters,Mercedes-Benz_AMG GT R (coupe),14.032524763205881
Two Seaters,Mercedes-Benz_AMG GT S (coupe),13.031351050883012
Two Seaters,Mercedes-Benz_AMG SL 63,13.007929441519561
Two Seaters,Mercedes-Benz_AMG SLC 43,10.180069738387274
Two Seaters,Mercedes-Benz_SL 450,10.323900337232352
Two Seaters,Mercedes-Benz_SL 550,11.589437283614838
Two Seaters,Mercedes-Benz_SLC 300,8.787057203234172
Two Seaters,NISSAN_370Z,10.809692426944121
Two Seaters,NISSAN_370Z,11.785832990937362
Two Seaters,NISSAN_370Z Roadster,11.334550083526086
Two Seaters,Porsche_911 GT2 RS,13.518079501915707
Two Seaters,Porsche_911 GT3,13.934595781570584
Two Seaters,Porsche_911 GT3,15.07157808178216
Two Seaters,Porsche_911 GT3 RS,14.342352642276422
Two Seaters,Porsche_911 GT3 Touring,14.067605445675813
Two Seaters,Porsche_Boxster,9.387555209663686
Two Seaters,Porsche_Boxster,9.796525753158404
Two Seaters,Porsche_Boxster GTS,10.649168915288818
Two Seaters,Porsche_Boxster GTS,11.035166940339353
Two Seaters,Porsche_Boxster S,9.876865269490413
Two Seaters,Porsche_Boxster S,10.681036583612224
Two Seaters,Porsche_Cayman,9.387555209663686
Two Seaters,Porsche_Cayman,9.796525753158404
Two Seaters,Porsche_Cayman GTS,10.649168915288818
Two Seaters,Porsche_Cayman GTS,11.035166940339353
Two Seaters,Porsche_Cayman S,9.876865269490413
Two Seaters,Porsche_Cayman S,10.681036583612224
Minicompact Cars,Aston Martin Lagonda Ltd_DB11 V12,13.272312880643108
Minicompact Cars,Aston Martin Lagonda Ltd_DB11 V8,11.52267078818281
Minicompact Cars,Aston Martin Lagonda Ltd_DBS,13.810561802150913
Minicompact Cars,Aston Martin Lagonda Ltd_Vanquish S,14.717929063813365
Minicompact Cars,"Ferrari North America, Inc._GTC4Lusso",17.573129670997417
Minicompact Cars,"Ferrari North America, Inc._GTC4Lusso T",13.8410370326782
Minicompact Cars,"Ferrari North America, Inc._Portofino",12.94414788725935
Minicompact Cars,FIAT_500,8.6646056350826
Minicompact Cars,FIAT_500,7.902361602458359
Minicompact Cars,FIAT_500 Abarth,8.6646056350826
Minicompact Cars,FIAT_500 Abarth,7.902361602458359
Minicompact Cars,Mini_COOPER CONVERTIBLE,7.878196411266371
Minicompact Cars,Mini_COOPER CONVERTIBLE,7.486261185993835
Minicompact Cars,Mini_COOPER S CONVERTIBLE,8.344789560199144
Minicompact Cars,Mini_COOPER S CONVERTIBLE,8.953597331343769
Minicompact Cars,Mini_JOHN COOPER WORKS CONVERTIBLE,8.344789560199144
Minicompact Cars,Mini_JOHN COOPER WORKS CONVERTIBLE,9.290849686110935
Minicompact Cars,Porsche_911 Carrera,9.441780634042626
Minicompact Cars,Porsche_911 Carrera,10.138253730850074
Minicompact Cars,Porsche_911 Carrera 4,9.607339982899557
Minicompact Cars,Porsche_911 Carrera 4,10.361236898752207
Minicompact Cars,Porsche_911 Carrera 4 Cabriolet,9.812014105286282
Minicompact Cars,Porsche_911 Carrera 4 Cabriolet,10.510457674050041
Minicompact Cars,Porsche_911 Carrera 4 GTS,10.643193815987932
Minicompact Cars,Porsche_911 Carrera 4 GTS,11.042938184663535
Minicompact Cars,Porsche_911 Carrera 4 GTS Cabriolet,10.740391933028919
Minicompact Cars,Porsche_911 Carrera 4 GTS Cabriolet,11.147610584518166
Minicompact Cars,Porsche_911 Carrera 4S,9.894772894265985
Minicompact Cars,Porsche_911 Carrera 4S,10.428027280250635
Minicompact Cars,Porsche_911 Carrera 4S Cabriolet,9.859807566821345
Minicompact Cars,Porsche_911 Carrera 4S Cabriolet,10.524189519117908
Minicompact Cars,Porsche_911 Carrera Cabriolet,9.68866320939039
Minicompact Cars,Porsche_911 Carrera Cabriolet,10.30133853623785
Minicompact Cars,Porsche_911 Carrera GTS,10.407724926253685
Minicompact Cars,Porsche_911 Carrera GTS,11.147610584518166
Minicompact Cars,Porsche_911 Carrera GTS Cabriolet,10.643193815987932
Minicompact Cars,Porsche_911 Carrera GTS Cabriolet,11.042938184663535
Minicompact Cars,Porsche_911 Carrera S,9.661323557600152
Minicompact Cars,Porsche_911 Carrera S,10.342648615056296
Minicompact Cars,Porsche_911 Carrera S Cabriolet,9.728454931480407
Minicompact Cars,Porsche_911 Carrera S Cabriolet,10.387684967643542
Minicompact Cars,Porsche_911 Carrera T,10.643193815987932
Minicompact Cars,Porsche_911 Carrera T,12.25075954861111
Minicompact Cars,Porsche_911 Targa 4,9.756054987778034
Minicompact Cars,Porsche_911 Targa 4,10.510457674050041
Minicompact Cars,Porsche_911 Targa 4 GTS,10.78965978593272
Minicompact Cars,Porsche_911 Targa 4 GTS,11.418183656957925
Minicompact Cars,Porsche_911 Targa 4S,9.980294524897563
Minicompact Cars,Porsche_911 Targa 4S,10.524189519117908
Minicompact Cars,Porsche_911 Turbo,11.382984815562233
Minicompact Cars,Porsche_911 Turbo Cabriolet,11.422896988239481
Minicompact Cars,Porsche_911 Turbo S,11.382984815562233
Minicompact Cars,Porsche_911 Turbo S Cabriolet,11.422896988239481
Minicompact Cars,Porsche_911 Turbo S Exclusive Cabriolet,12.740057377256363
Minicompact Cars,Subaru_BRZ,8.558704023772702
Minicompact Cars,Subaru_BRZ,9.852456189586587
Minicompact Cars,TOYOTA_86,8.71187709804822
Minicompact Cars,TOYOTA_86,9.883796257388573
Subcompact Cars,Aston Martin Lagonda Ltd_Rapide S,14.131330517656057
Subcompact Cars,Audi_A3,8.072711100433583
Subcompact Cars,Audi_A3 Cabriolet,8.072711100433583
Subcompact Cars,Audi_A3 Cabriolet quattro,9.450961444450249
Subcompact Cars,Audi_A3 quattro,9.568414122841274
Subcompact Cars,Audi_A5 Cabriolet quattro,8.673807732682347
Subcompact Cars,Audi_A5 quattro,8.673807732682347
Subcompact Cars,Audi_RS 5,11.257733628160457
Subcompact Cars,Audi_S3,9.526174430503465
Subcompact Cars,Audi_S5,9.786091603011087
Subcompact Cars,Audi_S5 Cabriolet,9.937160790079226
Subcompact Cars,Audi_TT Coupe quattro,9.048385214706304
Subcompact Cars,Audi_TTS Coupe,9.392390851505336
Subcompact Cars,BMW_230i Convertible,8.793463008932488
Subcompact Cars,BMW_230i Coupe,8.45007448441695
Subcompact Cars,BMW_230i Coupe,9.439810225559482
Subcompact Cars,BMW_230i xDrive Convertible,8.78007074884781
Subcompact Cars,BMW_230i xDrive Coupe,8.659214877807841
Subcompact Cars,BMW_430i Convertible,8.583972590408345
Subcompact Cars,BMW_430i xDrive Convertible,9.14925679863288
Subcompact Cars,BMW_440i Convertible,9.861957231164423
Subcompact Cars,BMW_440i xDrive Convertible,10.181259477607956
Subcompact Cars,BMW_M2 Competition,12.458861469086951
Subcompact Cars,BMW_M2 Competition,11.664265689415199
Subcompact Cars,BMW_M240i Convertible,9.749584811707619
Subcompact Cars,BMW_M240i Convertible,10.966686248820796
Subcompact Cars,BMW_M240i Coupe,9.749584811707619
Subcompact Cars,BMW_M240i Coupe,10.988768200576187
Subcompact Cars,BMW_M240i Coupe M Performance,9.749584811707619
Subcompact Cars,BMW_M240i Coupe M Performance,10.988768200576187
Subcompact Cars,BMW_M240i xDrive Convertible,9.764397996319204
Subcompact Cars,BMW_M240i xDrive Coupe,9.764397996319204
Subcompact Cars,BMW_M240i xDrive Coupe M Performance,9.764397996319204
Subcompact Cars,BMW_M4 Convertible,12.712583885060575
Subcompact Cars,BMW_M4 Convertible,11.861133663125019
Subcompact Cars,BMW_M4 Convertible Competition,12.712583885060575
Subcompact Cars,BMW_M4 Convertible Competition,11.861133663125019
Subcompact Cars,BMW_M850i xDrive Convertible,11.557490692833191
Subcompact Cars,BMW_M850i xDrive Coupe,11.512350210867204
Subcompact Cars,Buick_CASCADA,9.871766623298498
Subcompact Cars,Chevrolet_CAMARO,9.396443128810908
Subcompact Cars,Chevrolet_CAMARO,10.069332962320825
Subcompact Cars,Chevrolet_CAMARO,10.464958059713
Subcompact Cars,Chevrolet_CAMARO,11.795940047709076
Subcompact Cars,Chevrolet_CAMARO,11.951171077791269
Subcompact Cars,Chevrolet_CAMARO,15.111374158925136
Subcompact Cars,Chevrolet_CAMARO,12.626462572983264
Subcompact Cars,Chevrolet_CAMARO,14.946026289480816
Subcompact Cars,Chevrolet_SPARK,7.165670988549446
Subcompact Cars,Chevrolet_SPARK,7.227209226820542
Subcompact Cars,Chevrolet_SPARK ACTIV,7.165670988549446
Subcompact Cars,Chevrolet_SPARK ACTIV,7.350455729166666
Subcompact Cars,Ford_Fiesta FWD,7.557022208085812
Subcompact Cars,Ford_Fiesta FWD,7.806424080705631
Subcompact Cars,Ford_MUSTANG,9.252184408098831
Subcompact Cars,Ford_MUSTANG,9.532042345796082
Subcompact Cars,Ford_MUSTANG,12.459785428110823
Subcompact Cars,Ford_MUSTANG,12.911888594290648
Subcompact Cars,Ford_MUSTANG BULLITT,12.911888594290648
Subcompact Cars,Ford_MUSTANG CONVERTIBLE,10.332380839424607
Subcompact Cars,Ford_MUSTANG CONVERTIBLE,10.226721014492753
Subcompact Cars,Ford_MUSTANG CONVERTIBLE,13.036189995861783
Subcompact Cars,Ford_MUSTANG PERFORMANCE PACKAGE,10.226721014492753
Subcompact Cars,Ford_MUSTANG PERFORMANCE PACKAGE,10.226721014492753
Subcompact Cars,Ford_SHELBY GT350 MUSTANG,14.557880284537749
Subcompact Cars,INFINITI_Q60,9.326842882312743
Subcompact Cars,INFINITI_Q60,10.477450971657994
Subcompact Cars,INFINITI_Q60 AWD,9.91245315195343
Subcompact Cars,INFINITI_Q60 AWD,10.80383362270379
Subcompact Cars,INFINITI_Q60 AWD RED SPORT,11.200694444444443
Subcompact Cars,INFINITI_Q60 RED SPORT,10.691571969696968
Subcompact Cars,LEXUS_LC 500,12.597047125316422
Subcompact Cars,LEXUS_LC 500h,7.941582455773101
Subcompact Cars,LEXUS_RC 300,9.604358578599506
Subcompact Cars,LEXUS_RC 300 AWD,10.941994433202302
Subcompact Cars,LEXUS_RC 350,10.3128557795033
Subcompact Cars,LEXUS_RC 350 AWD,10.941994433202302
Subcompact Cars,LEXUS_RC F,12.3797149122807
Subcompact Cars,MASERATI_GRANTURISMO CONVERTIBLE,15.024693605532558
Subcompact Cars,Mercedes-Benz_A 220,8.297161902208677
Subcompact Cars,Mercedes-Benz_A 220 4MATIC,8.425043728471563
Subcompact Cars,Mercedes-Benz_AMG C 43 4MATIC (convertible),11.163270907687243
Subcompact Cars,Mercedes-Benz_AMG C 43 4MATIC (coupe),10.832093767941076
Subcompact Cars,Mercedes-Benz_AMG C 63 (convertible),11.940978233095239
Subcompact Cars,Mercedes-Benz_AMG C 63 (coupe),11.731283644718422
Subcompact Cars,Mercedes-Benz_AMG C 63 S (convertible),11.940978233095239
Subcompact Cars,Mercedes-Benz_AMG C 63 S (coupe),11.731283644718422
Subcompact Cars,Mercedes-Benz_AMG E53 4MATIC+ (Convertible),10.430015623360248
Subcompact Cars,Mercedes-Benz_AMG E53 4MATIC+ (Coupe),10.06881571756554
Subcompact Cars,Mercedes-Benz_AMG S 63 4MATIC (convertible),13.077284815463448
Subcompact Cars,Mercedes-Benz_AMG S 65 (convertible),14.332302552072225
Subcompact Cars,Mercedes-Benz_C 300 (convertible),9.813651617497145
Subcompact Cars,Mercedes-Benz_C 300 (Coupe),9.45841023846959
Subcompact Cars,Mercedes-Benz_C 300 4MATIC (convertible),9.8514245706324
Subcompact Cars,Mercedes-Benz_C 300 4MATIC (Coupe),9.472656381095058
Subcompact Cars,Mercedes-Benz_E 450 (convertible),10.368590379379302
Subcompact Cars,Mercedes-Benz_E 450 (coupe),10.263222388029309
Subcompact Cars,Mercedes-Benz_E 450 4MATIC (convertible),10.787630919567114
Subcompact Cars,Mercedes-Benz_E 450 4MATIC (coupe),10.819935752947849
Subcompact Cars,Mercedes-Benz_S 560 (convertible),11.656693180034855
Subcompact Cars,Mini_COOPER HARDTOP 2 DOOR,7.878196411266371
Subcompact Cars,Mini_COOPER HARDTOP 2 DOOR,7.461373712765495
Subcompact Cars,Mini_COOPER HARDTOP 4 DOOR,7.878196411266371
Subcompact Cars,Mini_COOPER HARDTOP 4 DOOR,7.486261185993835
Subcompact Cars,Mini_COOPER S HARDTOP 2 DOOR,8.363720463294834
Subcompact Cars,Mini_COOPER S HARDTOP 2 DOOR,8.953597331343769
Subcompact Cars,Mini_COOPER S HARDTOP 4 DOOR,8.363720463294834
Subcompact Cars,Mini_COOPER S HARDTOP 4 DOOR,8.953597331343769
Subcompact Cars,Mini_JOHN COOPER WORKS HARDTOP,8.363720463294834
Subcompact Cars,Mini_JOHN COOPER WORKS HARDTOP,8.953597331343769
Subcompact Cars,NISSAN_GT-R,13.06747685185185
Subcompact Cars,"Roush Industries, Inc._Roush Stage 3 Mustang",16.019299834731754
Subcompact Cars,"Roush Industries, Inc._Roush Stage 3 Mustang",15.392315008103584
Subcompact Cars,Volkswagen_Beetle Convertible,8.18371094828206
Compact Cars,Acura_ILX,8.423112825232439
Compact Cars,Acura_TLX AWD,10.07921391005259
Compact Cars,Acura_TLX AWD A-SPEC,10.293314282546794
Compact Cars,Acura_TLX FWD,8.715912347271011
Compact Cars,Acura_TLX FWD,9.926048071391092
Compact Cars,Acura_TLX FWD A-SPEC,8.927803271553627
Compact Cars,Acura_TLX FWD A-SPEC,10.09032612783433
Compact Cars,Audi_A4,7.806242726351516
Compact Cars,Audi_A4 quattro,8.673807732682347
Compact Cars,Audi_S4,9.786091603011087
Compact Cars,BMW_330i,7.942521031293123
Compact Cars,BMW_330i xDrive,8.320613229850942
Compact Cars,BMW_430i Coupe,8.583972590408345
Compact Cars,BMW_430i Coupe,9.291253385580225
Compact Cars,BMW_430i Gran Coupe,8.583972590408345
Compact Cars,BMW_430i xDrive Coupe,8.78007074884781
Compact Cars,BMW_430i xDrive Gran Coupe,8.78007074884781
Compact Cars,BMW_440i Coupe,9.378684088459325
Compact Cars,BMW_440i Coupe,10.77567118526561
Compact Cars,BMW_440i Gran Coupe,9.378684088459325
Compact Cars,BMW_440i xDrive Coupe,9.73074897024004
Compact Cars,BMW_440i xDrive Coupe,10.986355872961008
Compact Cars,BMW_440i xDrive Gran Coupe,9.73074897024004
Compact Cars,BMW_640i Gran Coupe,10.07088501549216
Compact Cars,BMW_640i xDrive Gran Coupe,10.49348361758858
Compact Cars,BMW_650i Gran Coupe,11.418460804064823
Compact Cars,BMW_650i xDrive Gran Coupe,11.875865684477676
Compact Cars,BMW_Alpina B6 xDrive Gran Coupe,11.875865684477676
Compact Cars,BMW_M4 Coupe,12.458861469086951
Compact Cars,BMW_M4 Coupe,11.664265689415199
Compact Cars,BMW_M4 Coupe Competition,12.458861469086951
Compact Cars,BMW_M4 Coupe Competition,11.664265689415199
Compact Cars,BMW_M4 CS,12.458861469086951
Compact Cars,BMW_M6 Gran Coupe,14.697880020579086
Compact Cars,BMW_M6 Gran Coupe,13.818594217543199
Compact Cars,Cadillac_ATS,9.320005996344078
Compact Cars,Cadillac_ATS,10.452680703438386
Compact Cars,Cadillac_ATS AWD,9.92094037822646
Compact Cars,Cadillac_ATS AWD,11.453433544663348
Compact Cars,Cadillac_ATS-V,11.894602922560079
Compact Cars,Cadillac_ATS-V,12.596102697569473
Compact Cars,Chevrolet_CRUZE,7.075910405435759
Compact Cars,Chevrolet_CRUZE,7.3417374159851825
Compact Cars,Chevrolet_CRUZE,6.3911622481077215
Compact Cars,Chevrolet_CRUZE PREMIER,7.3417374159851825
Compact Cars,Chevrolet_SONIC,8.159297044288266
Compact Cars,Chevrolet_SONIC,7.558624985405344
Compact Cars,Ford_Fiesta ST FWD,8.459526027374269
Compact Cars,GENESIS_G70 AWD,10.097690096262683
Compact Cars,GENESIS_G70 AWD,11.601269714441665
Compact Cars,GENESIS_G70 RWD,9.459551396256362
Compact Cars,GENESIS_G70 RWD,10.850432160556757
Compact Cars,GENESIS_G70 RWD,11.270355978061222
Compact Cars,Honda_CIVIC 2Dr,6.814377193338238
Compact Cars,Honda_CIVIC 2Dr,7.174654278547628
Compact Cars,Honda_CIVIC 2Dr,7.429909321978574
Compact Cars,Honda_CIVIC 2Dr,7.0530379357149835
Compact Cars,Honda_CIVIC 2Dr,7.455083161917197
Compact Cars,Honda_CIVIC 2Dr,8.089257751151523
Compact Cars,HYUNDAI MOTOR COMPANY_Accent,7.3609450758998225
Compact Cars,HYUNDAI MOTOR COMPANY_Accent,7.520128631412919
Compact Cars,HYUNDAI MOTOR COMPANY_Veloster,7.769473126732772
Compact Cars,HYUNDAI MOTOR COMPANY_Veloster,8.123425004000445
Compact Cars,HYUNDAI MOTOR COMPANY_Veloster,7.880677566701287
Compact Cars,HYUNDAI MOTOR COMPANY_Veloster,8.330042721875747
Compact Cars,HYUNDAI MOTOR COMPANY_Veloster N,9.522819070907943
Compact Cars,INFINITI_QX30,8.711651234567901
Compact Cars,INFINITI_QX30 AWD,9.509190569559271
Compact Cars,Jaguar_XE,6.5580213215415215
Compact Cars,Jaguar_XE,8.281124759567708
Compact Cars,Jaguar_XE,9.803671286165814
Compact Cars,Jaguar_XE AWD,6.9158588374119265
Compact Cars,Jaguar_XE AWD,8.518070202122624
Compact Cars,Jaguar_XE AWD,10.172629164630392
Compact Cars,Jaguar_XE AWD,12.730955267611325
Compact Cars,KIA MOTORS CORPORATION_Rio,7.429064518098799
Compact Cars,KIA MOTORS CORPORATION_Rio,7.382940668106333
Compact Cars,LEXUS_GS F,12.544108758643983
Compact Cars,LEXUS_IS 300,9.604358578599506
Compact Cars,LEXUS_IS 300 AWD,10.941994433202302
Compact Cars,LEXUS_IS 350,10.3128557795033
Compact Cars,LEXUS_IS 350 AWD,10.941994433202302
Compact Cars,LEXUS_UX 250h,5.592198589991092
Compact Cars,LEXUS_UX 250h AWD,6.031143162393161
Compact Cars,MAZDA_CX-3 2WD,7.6627611377886655
Compact Cars,MAZDA_CX-3 4WD,8.06385489160867
Compact Cars,MAZDA_MAZDA2,6.732901389528964
Compact Cars,MAZDA_MAZDA2,6.902160410504404
Compact Cars,MAZDA_Mazda3 4-Door 2WD,7.79449856955076
Compact Cars,MAZDA_Mazda3 4-Door 2WD,7.941582455773101
Compact Cars,MAZDA_Mazda3 4-Door 4WD,8.303107588941643
Compact Cars,Mercedes-Benz_AMG C 43 4MATIC,10.731767316372839
Compact Cars,Mercedes-Benz_AMG C 63,11.214204891289663
Compact Cars,Mercedes-Benz_AMG C 63 S,11.214204891289663
Compact Cars,Mercedes-Benz_AMG CLA 45 4MATIC,9.160908997672266
Compact Cars,Mercedes-Benz_AMG CLS53 4MATIC+,10.025897920067745
Compact Cars,Mercedes-Benz_AMG GT 53 4MATIC+,11.224426088173724
Compact Cars,Mercedes-Benz_AMG GT 63 4MATIC+,13.691584931653033
Compact Cars,Mercedes-Benz_AMG GT 63 S 4MATIC+,13.73427594918477
Compact Cars,Mercedes-Benz_AMG S 63 4MATIC (coupe),11.600525903933345
Compact Cars,Mercedes-Benz_AMG S 65 (coupe),14.616864487530036
Compact Cars,Mercedes-Benz_C 300,8.774764541007293
Compact Cars,Mercedes-Benz_C 300 4MATIC,9.042054607753439
Compact Cars,Mercedes-Benz_CLA 250,8.202946995694184
Compact Cars,Mercedes-Benz_CLA 250 4MATIC,8.730923940748218
Compact Cars,Mercedes-Benz_CLA 250 4MATIC,8.730923940748218
Compact Cars,Mercedes-Benz_CLS 450,8.876725451199276
Compact Cars,Mercedes-Benz_CLS 450 4MATIC,9.129051768191315
Compact Cars,Mercedes-Benz_S 560 4MATIC (coupe),11.696922454676406
Compact Cars,Mitsubishi Motors Corporation_MIRAGE,6.101893839164188
Compact Cars,Mitsubishi Motors Corporation_MIRAGE,6.462294173672545
Compact Cars,Mitsubishi Motors Corporation_MIRAGE G4,6.3571509009009
Compact Cars,Mitsubishi Motors Corporation_MIRAGE G4,6.720416666666666
Compact Cars,NISSAN_VERSA,6.924002111611212
Compact Cars,NISSAN_VERSA,7.84048611111111
Compact Cars,Rolls-Royce Motor Cars Limited_Dawn,16.932266733854032
Compact Cars,Subaru_WRX,11.458008579983499
Compact Cars,Subaru_WRX,10.177074589754904
Compact Cars,Subaru_WRX,12.639557607087456
Compact Cars,TOYOTA_C-HR,8.163601456770069
Compact Cars,TOYOTA_COROLLA HATCHBACK,6.576724628847252
Compact Cars,TOYOTA_COROLLA HATCHBACK MANUAL,7.475103072907396
Compact Cars,TOYOTA_COROLLA HATCHBACK XSE,7.091590514178783
Compact Cars,TOYOTA_PRIUS c,5.089968781152125
Compact Cars,TOYOTA_YARIS,7.38511963445087
Compact Cars,TOYOTA_YARIS,6.720416666666666
Compact Cars,TOYOTA_YARIS,6.850098823246177
Compact Cars,Volkswagen_Beetle,8.18371094828206
Compact Cars,Volkswagen_Golf,7.3568700001980885
Compact Cars,Volkswagen_Golf,7.289813592345344
Compact Cars,Volkswagen_Golf R,9.151356991029475
Compact Cars,Volkswagen_Golf R,9.934097068243409
Compact Cars,Volkswagen_GTI,8.64527473631464
Compact Cars,Volkswagen_GTI,8.697220291269794
Compact Cars,Volkswagen_Jetta,6.957611585046005
Compact Cars,Volkswagen_Jetta,7.003977706974759
Compact Cars,Volkswagen_Jetta,8.383633799537122
Compact Cars,Volkswagen_Jetta,8.54458870212887
Compact Cars,"Volvo Cars of North America, LLC_S60 AWD",9.353249509236688
Compact Cars,"Volvo Cars of North America, LLC_S60 FWD",8.407517088624937
Midsize Cars,Acura_RLX,8.400520833333331
Midsize Cars,Acura_RLX,10.14000195430097
Midsize Cars,ALFA ROMEO_Giulia,8.726259639594183
Midsize Cars,ALFA ROMEO_Giulia,11.936251748630275
Midsize Cars,ALFA ROMEO_Giulia AWD,9.208464972549878
Midsize Cars,Audi_A5 Sportback quattro,8.673807732682347
Midsize Cars,Audi_A6 quattro,9.558654204341494
Midsize Cars,Audi_A7 quattro,9.558654204341494
Midsize Cars,Audi_RS 5 Sportback,11.495864449744552
Midsize Cars,Audi_S5 Sportback,9.786091603011087
Midsize Cars,Bentley_Mulsanne,19.982548919661316
Midsize Cars,BMW_530i,8.583972590408345
Midsize Cars,BMW_530i xDrive,8.78007074884781
Midsize Cars,BMW_540i,9.876948217822475
Midsize Cars,BMW_540i xDrive,9.788046312787477
Midsize Cars,BMW_M5,13.855549730406883
Midsize Cars,BMW_M5 Competition,13.855549730406883
Midsize Cars,BMW_M550i xDrive,11.512350210867204
Midsize Cars,BMW_X2 M35i,9.25932304583448
Midsize Cars,BMW_X2 sDrive28i,9.064879367244876
Midsize Cars,BMW_X2 xDrive28i,9.492688553921072
Midsize Cars,Buick_LACROSSE,8.203032818234341
Midsize Cars,Buick_LACROSSE,9.924205346306007
Midsize Cars,Buick_LACROSSE AWD,10.133929469006976
Midsize Cars,Buick_REGAL,9.126218143959234
Midsize Cars,Buick_REGAL AWD,9.646979490502632
Midsize Cars,Buick_REGAL AWD,10.691571969696968
Midsize Cars,Cadillac_CTS,9.360247017733753
Midsize Cars,Cadillac_CTS,10.452680703438386
Midsize Cars,Cadillac_CTS,12.3797149122807
Midsize Cars,Cadillac_CTS AWD,9.92094037822646
Midsize Cars,Cadillac_CTS AWD,11.453433544663348
Midsize Cars,Cadillac_CTS-V,14.345414163591823
Midsize Cars,Chevrolet_CRUZE HATCHBACK,7.3417374159851825
Midsize Cars,Chevrolet_CRUZE HATCHBACK,6.720416666666666
Midsize Cars,Chevrolet_CRUZE PREMIER HATCHBACK,7.587567204301075
Midsize Cars,Chevrolet_MALIBU,7.457233998482437
Midsize Cars,Chevrolet_MALIBU,5.072679820598145
Midsize Cars,Chevrolet_MALIBU,9.119353904885969
Midsize Cars,Dodge_Challenger,10.32557719265899
Midsize Cars,Dodge_Challenger,12.339449340747734
Midsize Cars,Dodge_Challenger,13.095705372321074
Midsize Cars,Dodge_Challenger,13.186817550685555
Midsize Cars,Dodge_Challenger,13.905762572248923
Midsize Cars,Dodge_Challenger GT,10.988511519625018
Midsize Cars,Dodge_Challenger SRT,14.49954897198489
Midsize Cars,Dodge_Challenger SRT,15.099636227464824
Midsize Cars,Ford_FUSION AWD,10.231169348992315
Midsize Cars,Ford_FUSION AWD,11.760729166666666
Midsize Cars,Ford_FUSION FWD,8.661606397603967
Midsize Cars,Ford_FUSION FWD,9.478496725178248
Midsize Cars,Ford_FUSION FWD,9.545116682357778
Midsize Cars,Ford_FUSION HYBRID FWD,5.600347222222221
Midsize Cars,Ford_FUSION HYBRID TAXI,5.736941056910569
Midsize Cars,Honda_ACCORD 2.0T SPORT/TOURING,9.063272645538321
Midsize Cars,Honda_CIVIC 4Dr,6.60524015055569
Midsize Cars,Honda_CIVIC 4Dr,7.076612923444739
Midsize Cars,Honda_CIVIC 4Dr,7.429909321978574
Midsize Cars,Honda_CIVIC 4Dr,7.1195810644607
Midsize Cars,Honda_CIVIC 4Dr,7.3500193217694365
Midsize Cars,Honda_CIVIC 4Dr,7.994595259054823
Midsize Cars,Honda_INSIGHT,4.524862758828096
Midsize Cars,Honda_INSIGHT TOURING,4.902857391002257
Midsize Cars,HYUNDAI MOTOR COMPANY_Elantra,6.755196277213922
Midsize Cars,HYUNDAI MOTOR COMPANY_Elantra,8.057004683642873
Midsize Cars,HYUNDAI MOTOR COMPANY_Elantra,9.406062508581032
Midsize Cars,HYUNDAI MOTOR COMPANY_Elantra,7.444111962798626
Midsize Cars,HYUNDAI MOTOR COMPANY_Elantra,7.99033146043242
Midsize Cars,HYUNDAI MOTOR COMPANY_Elantra SE,7.21565821415351
Midsize Cars,HYUNDAI MOTOR COMPANY_Sonata HYBRID,5.736941056910569
Midsize Cars,HYUNDAI MOTOR COMPANY_Sonata HYBRID SE,5.600347222222221
Midsize Cars,INFINITI_Q50,9.408583333333333
Midsize Cars,INFINITI_Q50,10.204183079690655
Midsize Cars,INFINITI_Q50 AWD,9.657594756535854
Midsize Cars,INFINITI_Q50 AWD,10.764920221570303
Midsize Cars,INFINITI_Q50 AWD RED SPORT,10.71704931875929
Midsize Cars,INFINITI_Q50 RED SPORT,10.676430849583015
Midsize Cars,INFINITI_Q70,11.030975014577303
Midsize Cars,INFINITI_Q70,12.396613453778219
Midsize Cars,INFINITI_Q70 AWD,11.694945100476485
Midsize Cars,INFINITI_Q70 AWD,12.975638168371265
Midsize Cars,Jaguar_XF,6.700220288368868
Midsize Cars,Jaguar_XF,8.281124759567708
Midsize Cars,Jaguar_XF,10.061364673339606
Midsize Cars,Jaguar_XF AWD,6.9158588374119265
Midsize Cars,Jaguar_XF AWD,8.818518615718384
Midsize Cars,Jaguar_XF AWD,10.378655506185478
Midsize Cars,KIA MOTORS CORPORATION_Forte,6.985091772634313
Midsize Cars,KIA MOTORS CORPORATION_Forte,7.587200081716475
Midsize Cars,KIA MOTORS CORPORATION_Forte FE,6.77699489259859
Midsize Cars,KIA MOTORS CORPORATION_Optima Hybrid,5.684875912879199
Midsize Cars,KIA MOTORS CORPORATION_Stinger AWD,9.743163570338766
Midsize Cars,KIA MOTORS CORPORATION_Stinger AWD,11.692503409273554
Midsize Cars,KIA MOTORS CORPORATION_Stinger RWD,9.597422212792232
Midsize Cars,KIA MOTORS CORPORATION_Stinger RWD,11.697736853709438
Midsize Cars,LEXUS_ES 300h,5.324234933900129
Midsize Cars,LEXUS_ES 350,9.142428941974568
Midsize Cars,LEXUS_ES 350 F SPORT,9.382874257866776
Midsize Cars,LEXUS_GS 300,9.186598370313087
Midsize Cars,LEXUS_GS 300 F SPORT,9.797423476259103
Midsize Cars,LEXUS_GS 350,10.3128557795033
Midsize Cars,LEXUS_GS 350 AWD,10.941994433202302
Midsize Cars,LEXUS_GS 350 F SPORT,10.785256630702754
Midsize Cars,LEXUS_LS 500,10.267119899313965
Midsize Cars,LEXUS_LS 500 AWD,11.146289934052046
Midsize Cars,LEXUS_LS 500h,8.401931157491912
Midsize Cars,LEXUS_LS 500h AWD,9.106185137294071
Midsize Cars,LEXUS_UX 200,7.232387011208684
Midsize Cars,Lincoln_MKZ AWD,10.231169348992315
Midsize Cars,Lincoln_MKZ AWD,11.79866186456123
Midsize Cars,Lincoln_MKZ FWD,9.868618870605479
Midsize Cars,Lincoln_MKZ FWD,11.24772062878766
Midsize Cars,Lincoln_MKZ HYBRID FWD,5.736941056910569
Midsize Cars,MASERATI_Ghibli  S RWD,12.561459395855472
Midsize Cars,MASERATI_Ghibli V6 Rear Wheel Drive (RWD),12.172525711486244
Midsize Cars,MASERATI_Ghibli V6 SQ4 AWD,12.586329446724564
Midsize Cars,MAZDA_Mazda3 5-Door 2WD,7.947217238625855
Midsize Cars,MAZDA_Mazda3 5-Door 2WD,8.060014026478976
Midsize Cars,MAZDA_Mazda3 5-Door 4WD,8.711651234567901
Midsize Cars,MAZDA_MAZDA6,8.003517768046212
Midsize Cars,MAZDA_MAZDA6,8.904685017559665
Midsize Cars,MAZDA_MAZDA6,8.711651234567901
Midsize Cars,Mercedes-Benz_AMG E 63 S 4MATIC,13.435535893466763
Midsize Cars,Mercedes-Benz_AMG E53 4MATIC+,9.796525753158404
Midsize Cars,Mercedes-Benz_E 300,9.514267820281013
Midsize Cars,Mercedes-Benz_E 300 4MATIC,9.690140042405467
Midsize Cars,Mercedes-Benz_E 450 4MATIC,10.356674768324863
Midsize Cars,Mini_COOPER CLUBMAN,8.630017660108944
Midsize Cars,Mini_COOPER CLUBMAN,8.481672261867413
Midsize Cars,Mini_COOPER CLUBMAN ALL4,9.041707028927567
Midsize Cars,Mini_COOPER CLUBMAN ALL4,9.0983654644572
Midsize Cars,Mini_COOPER COUNTRYMAN,8.630017660108944
Midsize Cars,Mini_COOPER COUNTRYMAN,8.481672261867413
Midsize Cars,Mini_COOPER COUNTRYMAN ALL4,9.23492971497298
Midsize Cars,Mini_COOPER COUNTRYMAN ALL4,9.0983654644572
Midsize Cars,Mini_COOPER S CLUBMAN,8.8392307991016
Midsize Cars,Mini_COOPER S CLUBMAN,9.290849686110935
Midsize Cars,Mini_COOPER S CLUBMAN ALL4,9.168908076220918
Midsize Cars,Mini_COOPER S CLUBMAN ALL4,9.73602533748358
Midsize Cars,Mini_COOPER S COUNTRYMAN,8.8392307991016
Midsize Cars,Mini_COOPER S COUNTRYMAN ALL4,9.20893365176311
Midsize Cars,Mini_COOPER S COUNTRYMAN ALL4,9.720012534953232
Midsize Cars,Mini_JCW COUNTRYMAN ALL4,9.335653210453271
Midsize Cars,Mini_JCW COUNTRYMAN ALL4,9.720012534953232
Midsize Cars,Mini_JOHN COOPER WORKS CLUBMAN ALL4,9.168908076220918
Midsize Cars,Mini_JOHN COOPER WORKS CLUBMAN ALL4,9.73602533748358
Midsize Cars,NISSAN_ALTIMA,7.350455729166666
Midsize Cars,NISSAN_ALTIMA AWD,7.784129017027829
Midsize Cars,NISSAN_ALTIMA AWD SR/PLATINUM,8.110847701149424
Midsize Cars,NISSAN_ALTIMA SR/PLATINUM,8.222331170677368
Midsize Cars,NISSAN_ALTIMA SR/PLATINUM,7.603805007252045
Midsize Cars,NISSAN_Kicks,7.170280036133694
Midsize Cars,NISSAN_MAXIMA,9.693694269178408
Midsize Cars,NISSAN_SENTRA,8.110847701149424
Midsize Cars,NISSAN_SENTRA,7.291960533263889
Midsize Cars,NISSAN_SENTRA,7.842002231542542
Midsize Cars,NISSAN_SENTRA NISMO,8.711651234567901
Midsize Cars,NISSAN_SENTRA NISMO,8.711651234567901
Midsize Cars,Rolls-Royce Motor Cars Limited_Wraith,16.58344320123334
Midsize Cars,Subaru_IMPREZA 4-Door,7.46011948560506
Midsize Cars,Subaru_IMPREZA 4-Door,8.805676289166668
Midsize Cars,Subaru_IMPREZA 4-Door SPORT,7.726393040545718
Midsize Cars,Subaru_IMPREZA 4-Door SPORT,8.969610591009335
Midsize Cars,Subaru_LEGACY,8.249438263984361
Midsize Cars,Subaru_LEGACY,10.294260313681209
Midsize Cars,TOYOTA_AVALON,9.43507702963254
Midsize Cars,TOYOTA_AVALON HYBRID,5.441481863622833
Midsize Cars,TOYOTA_AVALON HYBRID XLE,5.390774447968806
Midsize Cars,TOYOTA_AVALON XLE,9.072991522884866
Midsize Cars,TOYOTA_CAMRY,6.922494160488704
Midsize Cars,TOYOTA_CAMRY,8.98104945507399
Midsize Cars,TOYOTA_CAMRY HYBRID LE,4.545174207993239
Midsize Cars,TOYOTA_CAMRY HYBRID XLE/SE,5.08735967551348
Midsize Cars,TOYOTA_CAMRY LE/SE,7.353006303228098
Midsize Cars,TOYOTA_CAMRY XLE/XSE,7.277476287273352
Midsize Cars,TOYOTA_CAMRY XSE,9.176348310296351
Midsize Cars,TOYOTA_COROLLA,7.4613027075151885
Midsize Cars,TOYOTA_COROLLA,7.61098941042218
Midsize Cars,TOYOTA_COROLLA,7.735795018527044
Midsize Cars,TOYOTA_COROLLA LE ECO,6.9108805341889115
Midsize Cars,TOYOTA_COROLLA LE ECO,7.202820419383122
Midsize Cars,TOYOTA_PRIUS,4.488956426869726
Midsize Cars,TOYOTA_PRIUS AWD,4.704291666666666
Midsize Cars,TOYOTA_PRIUS Eco,4.222883004189107
Midsize Cars,Volkswagen_Passat,8.050331416706594
Midsize Cars,"Volvo Cars of North America, LLC_S90 AWD",9.552171576470842
Midsize Cars,"Volvo Cars of North America, LLC_S90 AWD",9.17616931687551
Midsize Cars,"Volvo Cars of North America, LLC_S90 FWD",8.711651234567901
Large Cars,Audi_A8L,10.776016755544966
Large Cars,BMW_330i xDrive Gran Turismo,8.78007074884781
Large Cars,BMW_340i xDrive Gran Turismo,10.181259477607956
Large Cars,BMW_640i xDrive Gran Turismo,10.296017690076399
Large Cars,BMW_740i,9.861957231164423
Large Cars,BMW_740i xDrive,10.181259477607956
Large Cars,BMW_750i,11.418460804064823
Large Cars,BMW_750i xDrive,11.875865684477676
Large Cars,BMW_Alpina B7 xDrive,11.875865684477676
Large Cars,BMW_M760i xDrive,15.051036187648505
Large Cars,BMW_X1 sDrive28i,8.943146230892749
Large Cars,BMW_X1 xDrive28i,9.290996481858924
Large Cars,Cadillac_CT6,8.400520833333331
Large Cars,Cadillac_CT6 AWD,11.341600326597263
Large Cars,Cadillac_CT6 AWD,11.096754840769238
Large Cars,Cadillac_XTS,10.8095433955732
Large Cars,Cadillac_XTS AWD,11.760729166666666
Large Cars,Cadillac_XTS AWD,12.81907172857807
Large Cars,Chevrolet_IMPALA,9.574801894216938
Large Cars,Chevrolet_IMPALA,10.731032904331533
Large Cars,Chevrolet_IMPALA,10.813568685503421
Large Cars,Chrysler_300,10.32557719265899
Large Cars,Chrysler_300,10.32557719265899
Large Cars,Chrysler_300,12.339449340747734
Large Cars,Chrysler_300 AWD,10.988511519625018
Large Cars,Chrysler_300 AWD,10.988511519625018
Large Cars,Dodge_Charger,10.32557719265899
Large Cars,Dodge_Charger,10.32557719265899
Large Cars,Dodge_Charger,12.339449340747734
Large Cars,Dodge_Charger,13.186817550685555
Large Cars,Dodge_Charger AWD,10.988511519625018
Large Cars,Dodge_Charger SRT,14.49954897198489
Large Cars,Ford_TAURUS AWD,12.3797149122807
Large Cars,Ford_TAURUS AWD,12.448772841623178
Large Cars,Ford_TAURUS AWD FFV,12.3797149122807
Large Cars,Ford_TAURUS FWD,11.308610902773768
Large Cars,Ford_TAURUS FWD FFV,11.308556533667952
Large Cars,GENESIS_G80 AWD,11.942979026612775
Large Cars,GENESIS_G80 AWD,11.692329041772297
Large Cars,GENESIS_G80 AWD,13.214970607128075
Large Cars,GENESIS_G80 RWD,11.642787726992234
Large Cars,GENESIS_G80 RWD,11.11484549495484
Large Cars,GENESIS_G80 RWD,12.503433092352397
Large Cars,GENESIS_G90 AWD,11.865621258592624
Large Cars,GENESIS_G90 AWD,12.993055517195026
Large Cars,GENESIS_G90 RWD,11.94983531045461
Large Cars,GENESIS_G90 RWD,12.678049433421906
Large Cars,Honda_ACCORD,7.067448584895266
Large Cars,Honda_ACCORD,7.5190708939638045
Large Cars,Honda_ACCORD,7.9158715949335265
Large Cars,Honda_ACCORD,8.701209782828506
Large Cars,Honda_ACCORD,4.853147403837159
Large Cars,Honda_ACCORD,9.160908997672266
Large Cars,Honda_CIVIC 5Dr,6.875729575301914
Large Cars,Honda_CIVIC 5Dr,7.298386304376381
Large Cars,Honda_CIVIC 5Dr,7.226765127284978
Large Cars,Honda_CIVIC 5Dr,9.592881778053291
Large Cars,HYUNDAI MOTOR COMPANY_Elantra GT,8.509965062584644
Large Cars,HYUNDAI MOTOR COMPANY_Elantra GT,9.205581842541605
Large Cars,HYUNDAI MOTOR COMPANY_Elantra GT,8.556680247856717
Large Cars,HYUNDAI MOTOR COMPANY_Ioniq,4.3088669469454794
Large Cars,HYUNDAI MOTOR COMPANY_Ioniq Blue,4.070695978937069
Large Cars,HYUNDAI MOTOR COMPANY_Sonata,7.546233319858751
Large Cars,HYUNDAI MOTOR COMPANY_Sonata,9.053574567396577
Large Cars,HYUNDAI MOTOR COMPANY_Sonata,8.349203053138861
Large Cars,HYUNDAI MOTOR COMPANY_Sonata SE,8.087144003208984
Large Cars,Jaguar_XJ,10.998222407177078
Large Cars,Jaguar_XJ,13.305346886749403
Large Cars,Jaguar_XJ AWD,11.771205539596906
Large Cars,Jaguar_XJL,11.084204730915252
Large Cars,Jaguar_XJL,13.305346886749403
Large Cars,Jaguar_XJL AWD,11.918409727359634
Large Cars,KIA MOTORS CORPORATION_Cadenza,10.280806999140403
Large Cars,KIA MOTORS CORPORATION_K900,11.273759140588925
Large Cars,KIA MOTORS CORPORATION_Optima,7.705814165544608
Large Cars,KIA MOTORS CORPORATION_Optima,9.7195305548439
Large Cars,KIA MOTORS CORPORATION_Optima,8.561601245334847
Large Cars,KIA MOTORS CORPORATION_Optima FE,8.171372209792994
Large Cars,Lincoln_CONTINENTAL AWD,11.906223214345973
Large Cars,Lincoln_CONTINENTAL AWD,12.360068908016379
Large Cars,Lincoln_CONTINENTAL AWD,12.251461455256985
Large Cars,Lincoln_CONTINENTAL FWD,11.225443875465112
Large Cars,Lincoln_CONTINENTAL FWD,11.666927072999748
Large Cars,MASERATI_QUATTROPORTE S,12.805950877269392
Large Cars,MASERATI_QUATTROPORTE SQ4 V6,12.845253958372016
Large Cars,MASERATI_QUATTROPORTE V8,13.680754682595536
Large Cars,Mercedes-Benz_AMG S 63 4MATIC,11.745987951787171
Large Cars,Mercedes-Benz_AMG S 65,15.149331675941191
Large Cars,Mercedes-Benz_Maybach S 650,15.110306320196147
Large Cars,Mercedes-Benz_S 450,10.704709567802908
Large Cars,Mercedes-Benz_S 450 4MATIC,10.832792187855006
Large Cars,Mercedes-Benz_S 560,11.468567411849792
Large Cars,Mercedes-Benz_S 560 4MATIC,11.332857145151472
Large Cars,Mercedes-Benz_S 560 4MATIC Maybach,12.11640627280485
Large Cars,Porsche_Panamera 4,10.539421054832657
Large Cars,Porsche_Panamera 4 Executive,10.539421054832657
Large Cars,Porsche_Panamera 4S,11.200694444444443
Large Cars,Porsche_Panamera 4S Executive,11.200694444444443
Large Cars,Porsche_Panamera GTS,12.460709524187921
Large Cars,Porsche_Panamera GTS ST,12.915788096100975
Large Cars,Porsche_Panamera Turbo,11.208860900243192
Large Cars,Porsche_Panamera Turbo Executive,11.208860900243192
Large Cars,Porsche_Panamera Turbo ST,11.935948896466797
Large Cars,Rolls-Royce Motor Cars Limited_Ghost,16.932266733854032
Large Cars,Rolls-Royce Motor Cars Limited_Ghost EWB,16.932266733854032
Large Cars,Rolls-Royce Motor Cars Limited_Phantom,16.344561415699626
Large Cars,Rolls-Royce Motor Cars Limited_Phantom EWB,16.344561415699626
Large Cars,Volkswagen_Arteon,9.32022757591367
Large Cars,Volkswagen_Arteon 4Motion,10.431865925718956
Small Station Wagons,BMW_330i xDrive Sports Wagon,8.78007074884781
Small Station Wagons,Buick_REGAL TOUR X AWD,9.646979490502632
Small Station Wagons,Chevrolet_SONIC 5,8.159297044288266
Small Station Wagons,Chevrolet_SONIC 5,7.997857282914593
Small Station Wagons,FIAT_500L,9.431898987630756
Small Station Wagons,Honda_FIT,6.450066726995182
Small Station Wagons,Honda_FIT,7.1277146464646455
Small Station Wagons,Honda_FIT,7.473749236095885
Small Station Wagons,Honda_HR-V AWD,8.235948925342996
Small Station Wagons,Honda_HR-V AWD,8.315377309241915
Small Station Wagons,Honda_HR-V FWD,7.775688705234159
Small Station Wagons,Honda_HR-V FWD,7.775688705234159
Small Station Wagons,KIA MOTORS CORPORATION_Niro,4.8299971730936
Small Station Wagons,KIA MOTORS CORPORATION_Niro FE,4.666020962730352
Small Station Wagons,KIA MOTORS CORPORATION_Niro Touring,5.447934761629029
Small Station Wagons,KIA MOTORS CORPORATION_Soul,8.481549926379998
Small Station Wagons,KIA MOTORS CORPORATION_Soul,8.384082043897262
Small Station Wagons,KIA MOTORS CORPORATION_Soul,8.833089862604899
Small Station Wagons,KIA MOTORS CORPORATION_Soul,8.778497870201733
Small Station Wagons,NISSAN_Rogue Sport,8.400520833333331
Small Station Wagons,NISSAN_Rogue Sport AWD,8.711651234567901
Small Station Wagons,Subaru_IMPREZA 5-Door,7.5305054068792705
Small Station Wagons,Subaru_IMPREZA 5-Door,8.90613483072325
Small Station Wagons,Subaru_IMPREZA 5-Door SPORT,7.775971467832989
Small Station Wagons,Subaru_IMPREZA 5-Door SPORT,9.308461521211184
Small Station Wagons,Volkswagen_Golf Alltrack,9.450164055176108
Small Station Wagons,Volkswagen_Golf Alltrack,9.61197267513928
Small Station Wagons,Volkswagen_Golf SportWagen,7.637630641278746
Small Station Wagons,Volkswagen_Golf SportWagen,7.289813592345344
Small Station Wagons,Volkswagen_Golf SportWagen 4Motion,9.611933396264709
Small Station Wagons,Volkswagen_Golf SportWagen 4Motion,9.339879182070025
Small Station Wagons,"Volvo Cars of North America, LLC_V60 AWD",9.552171576470842
Small Station Wagons,"Volvo Cars of North America, LLC_V60 CC AWD",9.337691578866576
Small Station Wagons,"Volvo Cars of North America, LLC_V60 FWD",8.407517088624937
Midsize Station Wagons,Jaguar_XF Sportbrake AWD,11.320040009111937
Midsize Station Wagons,Mercedes-Benz_AMG E 63 S 4MATIC (Station Wagon,12.656015718600461
Midsize Station Wagons,Mercedes-Benz_AMG GLA 45 4MATIC,9.591082450195655
Midsize Station Wagons,Mercedes-Benz_E 450 4MATIC (station wagon),10.783921552446099
Midsize Station Wagons,NISSAN_MURANO AWD,10.25990959160647
Midsize Station Wagons,NISSAN_MURANO FWD,10.10662790980795
Midsize Station Wagons,Rolls-Royce Motor Cars Limited_Cullinan,16.344561415699626
Midsize Station Wagons,"Volvo Cars of North America, LLC_V90 AWD",9.552171576470842
Midsize Station Wagons,"Volvo Cars of North America, LLC_V90 CC AWD",9.885540911217765
Midsize Station Wagons,"Volvo Cars of North America, LLC_V90 CC AWD",9.374497659842145
Midsize Station Wagons,"Volvo Cars of North America, LLC_V90 FWD",8.711651234567901
Small Pick-up Trucks 2WD,Chevrolet_COLORADO 2WD,10.76329465132809
Small Pick-up Trucks 2WD,Chevrolet_COLORADO 2WD,10.679339271985421
Small Pick-up Trucks 2WD,Chevrolet_COLORADO 2WD,10.0541395238828
Small Pick-up Trucks 2WD,Chevrolet_COLORADO 2WD,11.66033369356507
Small Pick-up Trucks 2WD,GMC_CANYON 2WD,10.76329465132809
Small Pick-up Trucks 2WD,GMC_CANYON 2WD,10.679339271985421
Small Pick-up Trucks 2WD,GMC_CANYON 2WD,10.0541395238828
Small Pick-up Trucks 2WD,GMC_CANYON 2WD,11.66033369356507
Small Pick-up Trucks 2WD,Honda_RIDGELINE FWD,10.926846849357917
Small Pick-up Trucks 2WD,NISSAN_FRONTIER 2WD,12.319027492632785
Small Pick-up Trucks 2WD,NISSAN_FRONTIER 2WD,11.14475837147523
Small Pick-up Trucks 2WD,NISSAN_FRONTIER 2WD,12.653836980769366
Small Pick-up Trucks 2WD,NISSAN_FRONTIER 2WD,12.7015316132609
Small Pick-up Trucks 2WD,NISSAN_FRONTIER 2WD FFV,13.027958710430212
Small Pick-up Trucks 2WD,TOYOTA_TACOMA 2WD,11.157975338861375
Small Pick-up Trucks 2WD,TOYOTA_TACOMA 2WD,11.392909096486594
Small Pick-up Trucks 4WD,Chevrolet_COLORADO 4WD,11.35315104418058
Small Pick-up Trucks 4WD,Chevrolet_COLORADO 4WD,10.520000327984208
Small Pick-up Trucks 4WD,Chevrolet_COLORADO 4WD,12.174919943132014
Small Pick-up Trucks 4WD,Chevrolet_COLORADO ZR2 4WD,12.11447174151902
Small Pick-up Trucks 4WD,Chevrolet_COLORADO ZR2 4WD,14.085464685721583
Small Pick-up Trucks 4WD,GMC_CANYON 4WD,11.35315104418058
Small Pick-up Trucks 4WD,GMC_CANYON 4WD,10.520000327984208
Small Pick-up Trucks 4WD,GMC_CANYON 4WD,12.174919943132014
Small Pick-up Trucks 4WD,NISSAN_FRONTIER 4WD,13.697724369800097
Small Pick-up Trucks 4WD,NISSAN_FRONTIER 4WD,13.433310679352894
Small Pick-up Trucks 4WD,NISSAN_FRONTIER 4WD FFV,13.737484498591487
Small Pick-up Trucks 4WD,TOYOTA_TACOMA 4WD,11.728124979224422
Small Pick-up Trucks 4WD,TOYOTA_TACOMA 4WD,11.860954229909401
Small Pick-up Trucks 4WD,TOYOTA_TACOMA 4WD,12.720696530327857
Small Pick-up Trucks 4WD,TOYOTA_TACOMA 4WD D-CAB V6 MT OFF-ROAD,12.847218429226338
Small Pick-up Trucks 4WD,TOYOTA_TACOMA 4WD TRD PRO,11.860954229909401
Small Pick-up Trucks 4WD,TOYOTA_TACOMA 4WD TRD PRO,12.847218429226338
Standard Pick-up Trucks 2WD,Chevrolet_C10 SILVERADO 2WD,11.147663417046209
Standard Pick-up Trucks 2WD,Chevrolet_C10 SILVERADO 2WD,11.733624494085328
Standard Pick-up Trucks 2WD,Chevrolet_C10 SILVERADO 2WD,13.457212683628262
Standard Pick-up Trucks 2WD,Chevrolet_C10 SILVERADO 2WD,13.983970757556838
Standard Pick-up Trucks 2WD,Chevrolet_C10 SILVERADO 2WD,13.875738626866845
Standard Pick-up Trucks 2WD,Chevrolet_C10 SILVERADO 2WD,12.065070571841364
Standard Pick-up Trucks 2WD,Chevrolet_C10 SILVERADO 2WD,12.38571220450604
Standard Pick-up Trucks 2WD,Chevrolet_C15 SILVERADO LD 2WD,13.487925461659469
Standard Pick-up Trucks 2WD,Ford_F150 2.7L 2WD GVWR>6649 LBS,11.200694444444443
Standard Pick-up Trucks 2WD,Ford_F150 2WD BASE PAYLOAD LT TIRE,11.200694444444443
Standard Pick-up Trucks 2WD,Ford_F150 2WD BASE PAYLOAD LT TIRE,9.800607638888888
Standard Pick-up Trucks 2WD,Ford_F150 2WD BASE PAYLOAD LT TIRE,12.3797149122807
Standard Pick-up Trucks 2WD,Ford_F150 2WD FFV BASE PAYLOAD LT,11.200694444444443
Standard Pick-up Trucks 2WD,Ford_F150 2WD FFV BASE PAYLOAD LT,13.06747685185185
Standard Pick-up Trucks 2WD,Ford_F150 3.5L 2WD GVWR>7599 LBS,12.3797149122807
Standard Pick-up Trucks 2WD,Ford_F150 5.0L 2WD FFV GVWR>7599 LBS,13.836151960784312
Standard Pick-up Trucks 2WD,Ford_F150 PICKUP 2WD,10.561521237728753
Standard Pick-up Trucks 2WD,Ford_F150 PICKUP 2WD,9.531926461748355
Standard Pick-up Trucks 2WD,Ford_F150 PICKUP 2WD,11.320530344231233
Standard Pick-up Trucks 2WD,Ford_F150 PICKUP 2WD FFV,10.905872361602457
Standard Pick-up Trucks 2WD,Ford_F150 PICKUP 2WD FFV,12.249164605303127
Standard Pick-up Trucks 2WD,Ford_F150 PICKUP 2WD LIMITED,12.239094161987966
Standard Pick-up Trucks 2WD,Ford_RANGER 2WD,10.084269743207187
Standard Pick-up Trucks 2WD,GMC_C10 SIERRA 2WD,11.147663417046209
Standard Pick-up Trucks 2WD,GMC_C10 SIERRA 2WD,11.733624494085328
Standard Pick-up Trucks 2WD,GMC_C10 SIERRA 2WD,13.462064932884623
Standard Pick-up Trucks 2WD,GMC_C10 SIERRA 2WD,13.983970757556838
Standard Pick-up Trucks 2WD,GMC_C10 SIERRA 2WD,13.875738626866845
Standard Pick-up Trucks 2WD,GMC_C10 SIERRA 2WD,12.065070571841364
Standard Pick-up Trucks 2WD,GMC_C10 SIERRA 2WD,12.48438663814685
Standard Pick-up Trucks 2WD,GMC_C15 SIERRA LTD 2WD,13.487925461659469
Standard Pick-up Trucks 2WD,NISSAN_TITAN 2WD,13.333782111240232
Standard Pick-up Trucks 2WD,RAM_1500 4X2,10.788472064237574
Standard Pick-up Trucks 2WD,RAM_1500 4X2,12.370925044485933
Standard Pick-up Trucks 2WD,RAM_1500 4X2,13.621966568793809
Standard Pick-up Trucks 2WD,RAM_1500 Classic 4X2,11.928806043824148
Standard Pick-up Trucks 2WD,RAM_1500 Classic 4X2,13.540881100550543
Standard Pick-up Trucks 2WD,RAM_1500 HFE 4X2,10.432698775978485
Standard Pick-up Trucks 2WD,"Roush Industries, Inc._F150 Pickup 2WD",19.32741029854834
Standard Pick-up Trucks 2WD,TOYOTA_TUNDRA 2WD,14.700911458333332
Standard Pick-up Trucks 2WD,TOYOTA_TUNDRA 2WD,15.777001571789176
Standard Pick-up Trucks 4WD,Chevrolet_K10 SILVERADO 4WD,11.733624494085328
Standard Pick-up Trucks 4WD,Chevrolet_K10 SILVERADO 4WD,12.287173098052735
Standard Pick-up Trucks 4WD,Chevrolet_K10 SILVERADO 4WD,14.041236610811639
Standard Pick-up Trucks 4WD,Chevrolet_K10 SILVERADO 4WD,14.461483521775929
Standard Pick-up Trucks 4WD,Chevrolet_K10 SILVERADO 4WD,13.675584509717279
Standard Pick-up Trucks 4WD,Chevrolet_K10 SILVERADO 4WD,13.012463049736022
Standard Pick-up Trucks 4WD,Chevrolet_K10 SILVERADO 4WD,13.660176742745413
Standard Pick-up Trucks 4WD,Chevrolet_K10 SILVERADO 4WD TRAILBOSS,14.788254586987728
Standard Pick-up Trucks 4WD,Chevrolet_K10 SILVERADO 4WD TRAILBOSS,14.700911458333332
Standard Pick-up Trucks 4WD,Chevrolet_K10 SILVERADO 4WD TRAILBOSS,13.474481037409607
Standard Pick-up Trucks 4WD,Chevrolet_K15 SILVERADO LD 4WD,13.657638590501405
Standard Pick-up Trucks 4WD,Ford_F150 2.7L 4WD GVWR>6799 LBS,11.760729166666666
Standard Pick-up Trucks 4WD,Ford_F150 3.5L 4WD GVWR>7599 LBS,13.06747685185185
Standard Pick-up Trucks 4WD,Ford_F150 4WD BASE PAYLOAD LT TIRE,11.760729166666666
Standard Pick-up Trucks 4WD,Ford_F150 4WD BASE PAYLOAD LT TIRE,10.685355035857924
Standard Pick-up Trucks 4WD,Ford_F150 4WD BASE PAYLOAD LT TIRE,13.06747685185185
Standard Pick-up Trucks 4WD,Ford_F150 4WD FFV BASE PAYLOAD LT,12.3797149122807
Standard Pick-up Trucks 4WD,Ford_F150 4WD FFV BASE PAYLOAD LT,13.836151960784312
Standard Pick-up Trucks 4WD,Ford_F150 5.0L 4WD FFV GVWR>7599 LBS,14.700911458333332
Standard Pick-up Trucks 4WD,Ford_F150 PICKUP 4WD,11.21356334332893
Standard Pick-up Trucks 4WD,Ford_F150 PICKUP 4WD,10.685355035857924
Standard Pick-up Trucks 4WD,Ford_F150 PICKUP 4WD,12.49559511540355
Standard Pick-up Trucks 4WD,Ford_F150 PICKUP 4WD FFV,11.623685909790236
Standard Pick-up Trucks 4WD,Ford_F150 PICKUP 4WD FFV,13.181718411417467
Standard Pick-up Trucks 4WD,Ford_F150 PICKUP 4WD LIMITED,12.465133882358758
Standard Pick-up Trucks 4WD,Ford_F150 PICKUP 4WD XL/XLT,9.690100122079999
Standard Pick-up Trucks 4WD,Ford_F150 RAPTOR 4WD,14.33579663771649
Standard Pick-up Trucks 4WD,Ford_RANGER 4WD,10.693127333672775
Standard Pick-up Trucks 4WD,GMC_K10 SIERRA 4WD,11.821610460538436
Standard Pick-up Trucks 4WD,GMC_K10 SIERRA 4WD,12.597316987828345
Standard Pick-up Trucks 4WD,GMC_K10 SIERRA 4WD,14.041236610811639
Standard Pick-up Trucks 4WD,GMC_K10 SIERRA 4WD,14.429722854437744
Standard Pick-up Trucks 4WD,GMC_K10 SIERRA 4WD,14.046519243095615
Standard Pick-up Trucks 4WD,GMC_K10 SIERRA 4WD,13.474481037409607
Standard Pick-up Trucks 4WD,GMC_K10 SIERRA 4WD,13.896314829694045
Standard Pick-up Trucks 4WD,GMC_K10 SIERRA 4WD AT4,13.474481037409607
Standard Pick-up Trucks 4WD,GMC_K10 SIERRA 4WD AT4,13.632861931395562
Standard Pick-up Trucks 4WD,GMC_K15 SIERRA LTD 4WD,13.657638590501405
Standard Pick-up Trucks 4WD,Honda_RIDGELINE AWD,11.315411160447264
Standard Pick-up Trucks 4WD,NISSAN_TITAN 4WD,13.353615149811988
Standard Pick-up Trucks 4WD,NISSAN_TITAN 4WD PRO-4X,13.852856876429417
Standard Pick-up Trucks 4WD,RAM_1500 4X4,11.073090261431755
Standard Pick-up Trucks 4WD,RAM_1500 4X4,12.521137869480198
Standard Pick-up Trucks 4WD,RAM_1500 4X4,13.818188315973547
Standard Pick-up Trucks 4WD,RAM_1500 Classic 4X4,12.575697225355851
Standard Pick-up Trucks 4WD,RAM_1500 Classic 4X4,13.970515447589065
Standard Pick-up Trucks 4WD,"Roush Industries, Inc._F150 Pickup 4WD",19.32741029854834
Standard Pick-up Trucks 4WD,TOYOTA_TUNDRA 4WD,14.836947722766446
Standard Pick-up Trucks 4WD,TOYOTA_TUNDRA 4WD,16.257686556676042
Standard Pick-up Trucks 4WD,TOYOTA_TUNDRA 4WD FFV,16.09273158093987
"Vans, Passenger Type",Ford_Transit T150 Wagon,14.60742394508479
"Vans, Passenger Type",Ford_Transit T150 Wagon,15.221289285791324
"Vans, Passenger Type",Ford_TRANSIT T150 WAGON FFV,15.22247138413216
Special Purpose Vehicle 2WD,Cadillac_XTS HEARSE,13.742139558977893
Special Purpose Vehicle 2WD,Cadillac_XTS LIMO,13.742139558977893
Special Purpose Vehicle 2WD,Ford_RANGER 2WD INCOMPLETE,12.842308378285905
Special Purpose Vehicle 2WD,Ford_TRANSIT CONNECT USPS,10.562706944968355
Special Purpose Vehicle 2WD,Ford_Transit Connect Van 2WD,9.335653210453271
Special Purpose Vehicle 2WD,Ford_Transit Connect Van 2WD,10.537154756358337
Special Purpose Vehicle 2WD,Ford_TRANSIT CONNECT VAN FFV,9.335653210453271
Special Purpose Vehicle 2WD,Ford_TRANSIT CONNECT WAGON LWB FFV,9.162479143537904
Special Purpose Vehicle 2WD,Ford_Transit Connect Wagon LWB FWD,9.162479143537904
Special Purpose Vehicle 2WD,Ford_Transit Connect Wagon LWB FWD,10.59262720196948
Special Purpose Vehicle 2WD,Mercedes-Benz_Metris (Cargo Van),10.690357156383742
Special Purpose Vehicle 2WD,"Mercedes-Benz_Metris (Cargo Van, LWB)",10.516989936746969
Special Purpose Vehicle 2WD,Mercedes-Benz_Metris (Passenger Van),11.40744072734092
Special Purpose Vehicle 2WD,NISSAN_NV200 Cargo Van,9.340806441791692
Special Purpose Vehicle 2WD,NISSAN_NV200 NYC Taxi,9.724151497737923
Special Purpose Vehicle 2WD,RAM_Promaster City,9.89227606374627
Special Purpose Vehicle 4WD,Lincoln_MKT HEARSE AWD,14.488206476992978
Special Purpose Vehicle 4WD,Lincoln_MKT LIMO AWD,15.214889442306239
Special Purpose Vehicle 4WD,Lincoln_MKT LIVERY AWD,13.06747685185185
Special Purpose Vehicle cab chassis,Chevrolet_C10 SILVERADO 2WD CAB CHASSIS,13.836151960784312
Special Purpose Vehicle cab chassis,Chevrolet_C10 SILVERADO 2WD CAB CHASSIS,14.700911458333332
Special Purpose Vehicle cab chassis,Chevrolet_COLORADO CAB CHASSIS 2WD,15.24032366401662
Special Purpose Vehicle cab chassis,Chevrolet_K10 SILVERADO 4WD CAB CHASSIS,15.68097222222222
Special Purpose Vehicle cab chassis,Chevrolet_K10 SILVERADO 4WD CAB CHASSIS,15.68097222222222
Special Purpose Vehicle cab chassis,GMC_C10 SIERRA 2WD CAB CHASSIS,13.836151960784312
Special Purpose Vehicle cab chassis,GMC_C10 SIERRA 2WD CAB CHASSIS,14.700911458333332
Special Purpose Vehicle cab chassis,GMC_CANYON CAB CHASSIS 2WD,15.24032366401662
Special Purpose Vehicle cab chassis,GMC_K10 SIERRA 4WD CAB CHASSIS,15.68097222222222
Special Purpose Vehicle cab chassis,GMC_K10 SIERRA 4WD CAB CHASSIS,15.68097222222222
"Special Purpose Vehicle, minivan 2WD",Chrysler_Pacifica,10.573723020396907
"Special Purpose Vehicle, minivan 2WD",Chrysler_Pacifica,10.606526908485295
"Special Purpose Vehicle, minivan 2WD",Dodge_Grand Caravan,11.794875330749186
"Special Purpose Vehicle, minivan 2WD",Dodge_Grand Caravan,11.794875330749186
"Special Purpose Vehicle, minivan 2WD",Honda_ODYSSEY FWD,10.5226829090074
"Special Purpose Vehicle, minivan 2WD",Honda_ODYSSEY FWD,10.723498750066483
"Special Purpose Vehicle, minivan 2WD",KIA MOTORS CORPORATION_Sedona,11.461861137506192
"Special Purpose Vehicle, minivan 2WD",TOYOTA_SIENNA,10.786592039572842
"Special Purpose Vehicle, minivan 4WD",TOYOTA_SIENNA AWD,11.683501223578808
Small SUV 2WD,Acura_MDX FWD,10.226721014492753
Small SUV 2WD,Acura_RDX FWD,9.800607638888888
Small SUV 2WD,Acura_RDX FWD A-SPEC,9.950402658916662
Small SUV 2WD,ALFA ROMEO_Stelvio,9.287254638732927
Small SUV 2WD,Buick_ENCORE,8.7174951850438
Small SUV 2WD,Buick_ENCORE,8.2799878670966
Small SUV 2WD,Buick_ENVISION FWD,9.525557175447831
Small SUV 2WD,Cadillac_XT4 FWD,8.881082553958418
Small SUV 2WD,Cadillac_XT5,10.729172843617102
Small SUV 2WD,Chevrolet_BLAZER FWD,9.891693651260914
Small SUV 2WD,Chevrolet_BLAZER FWD,10.691669166689392
Small SUV 2WD,Chevrolet_EQUINOX FWD,8.34683281228006
Small SUV 2WD,Chevrolet_EQUINOX FWD,7.406443815383581
Small SUV 2WD,Chevrolet_EQUINOX FWD,9.272500121549472
Small SUV 2WD,Chevrolet_TRAX,8.395693309680265
Small SUV 2WD,Dodge_Journey,11.124886290720532
Small SUV 2WD,Dodge_Journey,12.07845286939613
Small SUV 2WD,Ford_ECOSPORT FWD,8.369315243639193
Small SUV 2WD,Ford_EDGE FWD,9.594564369063255
Small SUV 2WD,Ford_ESCAPE FWD,9.001361728725778
Small SUV 2WD,Ford_ESCAPE FWD,9.528644250894605
Small SUV 2WD,Ford_ESCAPE FWD,9.739895622839851
Small SUV 2WD,Ford_ESCAPE FWD FFV,9.739895622839851
Small SUV 2WD,GMC_TERRAIN FWD,8.433622802834458
Small SUV 2WD,GMC_TERRAIN FWD,7.406443815383581
Small SUV 2WD,GMC_TERRAIN FWD,9.800607638888888
Small SUV 2WD,Honda_CR-V FWD,7.752674155180103
Small SUV 2WD,Honda_CR-V FWD,8.298596288207808
Small SUV 2WD,Honda_PASSPORT FWD,10.756649700384292
Small SUV 2WD,Honda_PILOT FWD,10.522447540142675
Small SUV 2WD,Honda_PILOT FWD,10.360871780414817
Small SUV 2WD,HYUNDAI MOTOR COMPANY_Kona FWD,7.970781824671744
Small SUV 2WD,HYUNDAI MOTOR COMPANY_Kona FWD,7.8896120957607145
Small SUV 2WD,HYUNDAI MOTOR COMPANY_Santa Fe FWD,10.843729206333107
Small SUV 2WD,HYUNDAI MOTOR COMPANY_Santa Fe FWD,9.559897389209745
Small SUV 2WD,HYUNDAI MOTOR COMPANY_Santa Fe XL FWD,11.472315163457347
Small SUV 2WD,HYUNDAI MOTOR COMPANY_Santa Fe XL Ultimate FWD,11.936494041426673
Small SUV 2WD,HYUNDAI MOTOR COMPANY_Tucson FWD,9.08459049781911
Small SUV 2WD,HYUNDAI MOTOR COMPANY_Tucson FWD,9.59252968252544
Small SUV 2WD,INFINITI_QX50,8.857571523970194
Small SUV 2WD,INFINITI_QX60 FWD,10.546793262188743
Small SUV 2WD,Jeep_Cherokee FWD,9.120662266892083
Small SUV 2WD,Jeep_Cherokee FWD,9.326953833383559
Small SUV 2WD,Jeep_Cherokee FWD,10.236557010576828
Small SUV 2WD,Jeep_Compass 4X2,9.259942732589801
Small SUV 2WD,Jeep_Compass 4X2,8.988806088978055
Small SUV 2WD,Jeep_Renegade 4x2,8.72732810171357
Small SUV 2WD,Jeep_Renegade 4x2,9.45677505903417
Small SUV 2WD,KIA MOTORS CORPORATION_Sorento FWD,9.593546917910649
Small SUV 2WD,KIA MOTORS CORPORATION_Sorento FWD,10.929994903988982
Small SUV 2WD,KIA MOTORS CORPORATION_Sportage FE FWD,9.27162291956551
Small SUV 2WD,KIA MOTORS CORPORATION_Sportage FWD,10.374352562038634
Small SUV 2WD,KIA MOTORS CORPORATION_Sportage FWD,9.430424195770739
Small SUV 2WD,LEXUS_NX 300,9.558071572730842
Small SUV 2WD,LEXUS_RX 350,10.401051685128271
Small SUV 2WD,LEXUS_RX 350L,10.69482903126558
Small SUV 2WD,Lincoln_MKC  FWD,10.377693900541498
Small SUV 2WD,Lincoln_NAUTILUS FWD,10.226721014492753
Small SUV 2WD,Lincoln_NAUTILUS FWD,10.459141324534917
Small SUV 2WD,MAZDA_CX-5 2WD,8.538540237312171
Small SUV 2WD,MAZDA_CX-5 2WD,9.424340831203104
Small SUV 2WD,MAZDA_CX-9 2WD,9.633545897122948
Small SUV 2WD,Mercedes-Benz_GLA 250,8.578493945218236
Small SUV 2WD,Mercedes-Benz_GLC 300,9.816436642975686
Small SUV 2WD,Mitsubishi Motors Corporation_ECLIPSE CROSS 2WD,9.046714743589742
Small SUV 2WD,Mitsubishi Motors Corporation_ECLIPSE CROSS ES 2WD,8.711651234567901
Small SUV 2WD,Mitsubishi Motors Corporation_OUTLANDER 2WD,8.600104691495247
Small SUV 2WD,Mitsubishi Motors Corporation_OUTLANDER SPORT 2WD,8.8432851719985
Small SUV 2WD,Mitsubishi Motors Corporation_OUTLANDER SPORT 2WD,9.408583333333333
Small SUV 2WD,Mitsubishi Motors Corporation_OUTLANDER SPORT 2WD,9.408583333333333
Small SUV 2WD,NISSAN_PATHFINDER 2WD,10.434827775387102
Small SUV 2WD,NISSAN_ROGUE FWD,8.237679560590937
Small SUV 2WD,NISSAN_ROGUE FWD Hybrid,6.831992870227291
Small SUV 2WD,TOYOTA_HIGHLANDER,10.912905535605477
Small SUV 2WD,TOYOTA_HIGHLANDER,10.291377713606497
Small SUV 2WD,TOYOTA_HIGHLANDER LE/XLE/SE/LTD,10.096216442820984
Small SUV 2WD,TOYOTA_RAV4,7.767677084571725
Small SUV 2WD,Volkswagen_Atlas,10.460583271813023
Small SUV 2WD,Volkswagen_Atlas,12.128339125562464
Small SUV 2WD,Volkswagen_Tiguan,9.46251969559824
Small SUV 2WD,"Volvo Cars of North America, LLC_XC40 FWD",8.806170801167093
Small SUV 2WD,"Volvo Cars of North America, LLC_XC60 FWD",9.651610895686725
Small SUV 4WD,Acura_MDX AWD,8.772637309493527
Small SUV 4WD,Acura_MDX AWD,10.661912467741251
Small SUV 4WD,Acura_MDX AWD A-spec,11.017334519934112
Small SUV 4WD,Acura_RDX AWD,10.226721014492753
Small SUV 4WD,Acura_RDX AWD A-SPEC,10.257046194546193
Small SUV 4WD,ALFA ROMEO_Stelvio AWD,9.634887572639489
Small SUV 4WD,ALFA ROMEO_Stelvio AWD,12.447521145891214
Small SUV 4WD,Audi_Q5,9.923535434078536
Small SUV 4WD,Audi_SQ5,11.460297468529172
Small SUV 4WD,BMW_X3 M40i,10.37998373079616
Small SUV 4WD,BMW_X3 sDrive30i,9.095304659636803
Small SUV 4WD,BMW_X3 xDrive30i,9.555004217969495
Small SUV 4WD,BMW_X4 M40i,10.37998373079616
Small SUV 4WD,BMW_X4 xDrive30i,9.555004217969495
Small SUV 4WD,Buick_ENCORE AWD,9.131213589343437
Small SUV 4WD,Buick_ENCORE AWD,8.751649514199464
Small SUV 4WD,Buick_ENVISION AWD,10.650567285647227
Small SUV 4WD,Buick_ENVISION AWD,9.956931462855723
Small SUV 4WD,Cadillac_XT4 AWD,9.658229242801259
Small SUV 4WD,Cadillac_XT5 AWD,11.241055185443606
Small SUV 4WD,Chevrolet_BLAZER AWD,11.27327284868934
Small SUV 4WD,Chevrolet_EQUINOX AWD,8.642828709657664
Small SUV 4WD,Chevrolet_EQUINOX AWD,7.392663215713882
Small SUV 4WD,Chevrolet_EQUINOX AWD,9.725076213629697
Small SUV 4WD,Chevrolet_TRAX AWD,9.131213589343437
Small SUV 4WD,Dodge_Journey AWD,12.448772841623178
Small SUV 4WD,FIAT_500X AWD,9.055177852120762
Small SUV 4WD,Ford_ECOSPORT AWD,9.408583333333333
Small SUV 4WD,Ford_EDGE AWD,10.032740164443704
Small SUV 4WD,Ford_EDGE AWD,11.072152031808494
Small SUV 4WD,Ford_ESCAPE AWD,9.702491196662637
Small SUV 4WD,Ford_ESCAPE AWD,10.19821036551438
Small SUV 4WD,GMC_TERRAIN AWD,9.047932734534776
Small SUV 4WD,GMC_TERRAIN AWD,7.392663215713882
Small SUV 4WD,GMC_TERRAIN AWD,10.226721014492753
Small SUV 4WD,Honda_CR-V AWD,8.00074095238743
Small SUV 4WD,Honda_CR-V AWD,8.723638159594602
Small SUV 4WD,Honda_PASSPORT AWD,11.280138850923088
Small SUV 4WD,Honda_PILOT AWD,11.125622978915287
Small SUV 4WD,Honda_PILOT AWD,10.665199839185528
Small SUV 4WD,HYUNDAI MOTOR COMPANY_Kona AWD,8.56166357271988
Small SUV 4WD,HYUNDAI MOTOR COMPANY_Kona AWD,8.57146024041358
Small SUV 4WD,HYUNDAI MOTOR COMPANY_Santa Fe AWD,11.187482560278019
Small SUV 4WD,HYUNDAI MOTOR COMPANY_Santa Fe AWD,10.058524983678716
Small SUV 4WD,HYUNDAI MOTOR COMPANY_Santa Fe XL AWD,11.709849868985922
Small SUV 4WD,HYUNDAI MOTOR COMPANY_Santa Fe XL Ultimate AWD,12.620500782472613
Small SUV 4WD,HYUNDAI MOTOR COMPANY_Tucson AWD,10.082238158105294
Small SUV 4WD,HYUNDAI MOTOR COMPANY_Tucson AWD,10.152826097591154
Small SUV 4WD,INFINITI_QX50 AWD,8.981426680412895
Small SUV 4WD,INFINITI_QX60 AWD,10.84312934578003
Small SUV 4WD,Jaguar_F-Pace,8.126568407620718
Small SUV 4WD,Jaguar_F-Pace,9.88064082960872
Small SUV 4WD,Jaguar_F-Pace,11.835351055068875
Small SUV 4WD,Jaguar_F-Pace,12.931622968334514
Small SUV 4WD,Jaguar_Jaguar E-Pace P250,9.844703707579086
Small SUV 4WD,Jaguar_Jaguar E-Pace P300,10.040491720238247
Small SUV 4WD,Jeep_Cherokee 4X4,9.765938557011497
Small SUV 4WD,Jeep_Cherokee 4X4,9.727167524082068
Small SUV 4WD,Jeep_Cherokee 4X4,10.600074057716947
Small SUV 4WD,Jeep_Cherokee 4x4 Active Drive II,10.215572715572714
Small SUV 4WD,Jeep_Cherokee 4x4 Active Drive II,11.062362238547184
Small SUV 4WD,Jeep_Cherokee Trailhawk 4X4,10.591148624106577
Small SUV 4WD,Jeep_Cherokee Trailhawk 4X4,11.369504516262088
Small SUV 4WD,Jeep_Compass 4X4,9.45677505903417
Small SUV 4WD,Jeep_Compass 4X4,9.394829303233397
Small SUV 4WD,Jeep_Renegade 4x4,9.202952561303565
Small SUV 4WD,Jeep_Renegade 4x4,9.829974688270095
Small SUV 4WD,Jeep_Renegade Trailhawk 4x4,9.869198568943041
Small SUV 4WD,Jeep_Wrangler 4X4,9.974538656715362
Small SUV 4WD,Jeep_Wrangler 4X4,11.519284954030192
Small SUV 4WD,Jeep_Wrangler 4X4,11.819174986977268
Small SUV 4WD,Jeep_Wrangler Unlimited 4X4,10.467100247124542
Small SUV 4WD,Jeep_Wrangler Unlimited 4X4,11.50322937706115
Small SUV 4WD,Jeep_Wrangler Unlimited 4X4,12.162203504345097
Small SUV 4WD,KIA MOTORS CORPORATION_Sorento AWD,10.202324152389213
Small SUV 4WD,KIA MOTORS CORPORATION_Sorento AWD,11.288692490189394
Small SUV 4WD,KIA MOTORS CORPORATION_Sportage AWD,11.135208811671044
Small SUV 4WD,KIA MOTORS CORPORATION_Sportage AWD,10.433346640348347
Small SUV 4WD,KIA MOTORS CORPORATION_Sportage FE AWD,10.528994719415806
Small SUV 4WD,Land Rover_Discovery Sport,10.47684428389656
Small SUV 4WD,Land Rover_Discovery Sport Si4,10.635349644078499
Small SUV 4WD,Land Rover_Range Rover Evoque 237HP,9.586782445428966
Small SUV 4WD,Land Rover_Range Rover Evoque 286HP,9.983725809783332
Small SUV 4WD,Land Rover_Range Rover Evoque Cabriolet,9.833550031494394
Small SUV 4WD,Land Rover_Range Rover Velar,8.54458870212887
Small SUV 4WD,Land Rover_Range Rover Velar,10.162915579290598
Small SUV 4WD,Land Rover_Range Rover Velar,11.618002011949862
Small SUV 4WD,LEXUS_NX 300 AWD,9.645911335840347
Small SUV 4WD,LEXUS_NX 300 AWD F SPORT,9.930657879367438
Small SUV 4WD,LEXUS_NX 300h AWD,7.489932312447524
Small SUV 4WD,LEXUS_RX 350 AWD,10.777843709572227
Small SUV 4WD,LEXUS_RX 350L AWD,11.072464757349799
Small SUV 4WD,Lincoln_MKC  AWD,10.902788722122821
Small SUV 4WD,Lincoln_MKC  AWD,10.954071352284439
Small SUV 4WD,Lincoln_MKC  AWD,11.636912418533468
Small SUV 4WD,Lincoln_NAUTILUS AWD,10.691571969696968
Small SUV 4WD,Lincoln_NAUTILUS AWD,11.072152031808494
Small SUV 4WD,MAZDA_CX-5 4WD,8.9621602090025
Small SUV 4WD,MAZDA_CX-5 4WD,9.843962088587375
Small SUV 4WD,MAZDA_CX-9 4WD,10.408369692517823
Small SUV 4WD,Mercedes-Benz_AMG GLC 43 4MATIC,11.050149314967669
Small SUV 4WD,Mercedes-Benz_AMG GLC 43 4MATIC (coupe),11.182589299863709
Small SUV 4WD,Mercedes-Benz_AMG GLC 63 4MATIC,12.983803451828953
Small SUV 4WD,Mercedes-Benz_AMG GLC 63 4MATIC (coupe),12.737849610270516
Small SUV 4WD,Mercedes-Benz_AMG GLC 63 S 4MATIC (coupe),13.210443203858048
Small SUV 4WD,Mercedes-Benz_GLA 250 4MATIC,8.969610591009335
Small SUV 4WD,Mercedes-Benz_GLA 250 4MATIC,8.969610591009335
Small SUV 4WD,Mercedes-Benz_GLC 300 4MATIC,9.959629726861102
Small SUV 4WD,Mercedes-Benz_GLC 300 4MATIC (Coupe),10.162915579290598
Small SUV 4WD,Mitsubishi Motors Corporation_ECLIPSE CROSS 4WD,9.28073196971849
Small SUV 4WD,Mitsubishi Motors Corporation_ECLIPSE CROSS ES 4WD,8.993617807686668
Small SUV 4WD,Mitsubishi Motors Corporation_OUTLANDER 4WD,9.08069750772442
Small SUV 4WD,Mitsubishi Motors Corporation_OUTLANDER 4WD,10.691571969696968
Small SUV 4WD,Mitsubishi Motors Corporation_OUTLANDER SPORT 4WD,9.189613229305442
Small SUV 4WD,Mitsubishi Motors Corporation_OUTLANDER SPORT 4WD,9.32651004493788
Small SUV 4WD,NISSAN_PATHFINDER 4WD,10.66611873181423
Small SUV 4WD,NISSAN_PATHFINDER 4WD PLATINUM,11.200694444444443
Small SUV 4WD,NISSAN_ROGUE AWD,8.565248924251526
Small SUV 4WD,NISSAN_ROGUE AWD Hybrid,7.209244649592767
Small SUV 4WD,Subaru_CROSSTREK AWD,8.054631925229888
Small SUV 4WD,Subaru_CROSSTREK AWD,9.375955009898885
Small SUV 4WD,Subaru_FORESTER AWD,8.202746750083985
Small SUV 4WD,Subaru_OUTBACK AWD,8.473788843296262
Small SUV 4WD,Subaru_OUTBACK AWD,10.539421054832657
Small SUV 4WD,TOYOTA_RAV4 AWD,8.400520833333331
Small SUV 4WD,TOYOTA_RAV4 AWD,7.758043963921174
Small SUV 4WD,TOYOTA_RAV4 HYBRID AWD,5.853526165862852
Small SUV 4WD,Volkswagen_Tiguan 4Motion,9.768737133989248
Small SUV 4WD,"Volvo Cars of North America, LLC_XC40 AWD",9.027271389827039
Small SUV 4WD,"Volvo Cars of North America, LLC_XC60 AWD",10.533238247494854
Small SUV 4WD,"Volvo Cars of North America, LLC_XC60 AWD",10.339375250922368
Standard SUV 2WD,BMW_X6 sDrive35i,11.513533600268891
Standard SUV 2WD,Buick_ENCLAVE,11.11348008643282
Standard SUV 2WD,Cadillac_ESCALADE 2WD,13.695889935037837
Standard SUV 2WD,Chevrolet_C1500 SUBURBAN 2WD,13.37099851821534
Standard SUV 2WD,Chevrolet_C1500 SUBURBAN 2WD,13.37099851821534
Standard SUV 2WD,Chevrolet_C1500 SUBURBAN 2WD,13.695889935037837
Standard SUV 2WD,Chevrolet_C1500 TAHOE 2WD,13.37099851821534
Standard SUV 2WD,Chevrolet_C1500 TAHOE 2WD,13.37099851821534
Standard SUV 2WD,Chevrolet_C1500 TAHOE 2WD,13.695889935037837
Standard SUV 2WD,Chevrolet_TRAVERSE FWD,10.691571969696968
Standard SUV 2WD,Chevrolet_TRAVERSE FWD,11.11348008643282
Standard SUV 2WD,Dodge_Durango RWD,10.963823645027817
Standard SUV 2WD,Dodge_Durango RWD,13.898039111415736
Standard SUV 2WD,Ford_Expedition 2WD,12.036361853102717
Standard SUV 2WD,Ford_Expedition MAX 2WD,12.3797149122807
Standard SUV 2WD,Ford_EXPLORER FFV 2WD,12.021597839790111
Standard SUV 2WD,Ford_EXPLORER FWD,10.812475100364681
Standard SUV 2WD,Ford_EXPLORER FWD,12.021597839790111
Standard SUV 2WD,Ford_Flex FWD,12.3797149122807
Standard SUV 2WD,GMC_ACADIA FWD,10.226721014492753
Standard SUV 2WD,GMC_ACADIA FWD,11.373077809528874
Standard SUV 2WD,GMC_C1500 YUKON 2WD,13.37099851821534
Standard SUV 2WD,GMC_C1500 YUKON 2WD,13.37099851821534
Standard SUV 2WD,GMC_C1500 YUKON 2WD,13.695889935037837
Standard SUV 2WD,GMC_C1500 YUKON XL 2WD,13.37099851821534
Standard SUV 2WD,GMC_C1500 YUKON XL 2WD,13.37099851821534
Standard SUV 2WD,GMC_C1500 YUKON XL 2WD,13.695889935037837
Standard SUV 2WD,INFINITI_QX80 2WD,14.469757088839126
Standard SUV 2WD,Jeep_Grand Cherokee 4X2,10.963823645027817
Standard SUV 2WD,Lincoln_MKT FWD,12.224972497249723
Standard SUV 2WD,Lincoln_Navigator 2WD,12.55984959729453
Standard SUV 2WD,Lincoln_Navigator L 2WD,13.135562852638024
Standard SUV 2WD,NISSAN_ARMADA 2WD,14.73600156205297
Standard SUV 2WD,TOYOTA_4RUNNER 2WD,12.763146709207849
Standard SUV 2WD,TOYOTA_SEQUOIA 2WD,15.868859518926307
Standard SUV 2WD,"Volvo Cars of North America, LLC_XC90 FWD",9.714512769469465
Standard SUV 4WD,Audi_Q7,11.017747372595673
Standard SUV 4WD,Audi_Q7,11.145920207993731
Standard SUV 4WD,Audi_Q8,12.511214360054536
Standard SUV 4WD,Bentley_Bentayga,13.566654362074166
Standard SUV 4WD,BMW_X5 xDrive40i,10.486793493122182
Standard SUV 4WD,BMW_X5 xDrive50i,12.544175657346223
Standard SUV 4WD,BMW_X6 M,14.562657231244206
Standard SUV 4WD,BMW_X6 xDrive35i,11.629432869569229
Standard SUV 4WD,BMW_X6 xDrive50i,12.544175657346223
Standard SUV 4WD,BMW_X7 xDrive40i,10.80016269644486
Standard SUV 4WD,BMW_X7 xDrive50i,13.442369604145233
Standard SUV 4WD,Buick_ENCLAVE AWD,11.668605526038588
Standard SUV 4WD,Cadillac_ESCALADE 4WD,14.171089837050603
Standard SUV 4WD,Chevrolet_K1500 SUBURBAN 4WD,14.317558820903638
Standard SUV 4WD,Chevrolet_K1500 SUBURBAN 4WD,14.31729737187564
Standard SUV 4WD,Chevrolet_K1500 SUBURBAN 4WD,14.641886353968895
Standard SUV 4WD,Chevrolet_K1500 TAHOE 4WD,13.580518668206311
Standard SUV 4WD,Chevrolet_K1500 TAHOE 4WD,13.580518668206311
Standard SUV 4WD,Chevrolet_K1500 TAHOE 4WD,13.94641064257028
Standard SUV 4WD,Chevrolet_TRAVERSE AWD,11.622077778765986
Standard SUV 4WD,Dodge_Durango AWD,11.321783615879035
Standard SUV 4WD,Dodge_Durango AWD,14.094242411531951
Standard SUV 4WD,Dodge_Durango SRT AWD,15.55693162076598
Standard SUV 4WD,Ford_Expedition 4WD,12.440213635434075
Standard SUV 4WD,Ford_Expedition MAX 4WD,13.06747685185185
Standard SUV 4WD,Ford_EXPLORER AWD,11.35134298202011
Standard SUV 4WD,Ford_EXPLORER AWD,12.646421281087637
Standard SUV 4WD,Ford_EXPLORER AWD,13.230059584073915
Standard SUV 4WD,Ford_EXPLORER FFV AWD,12.735987401972729
Standard SUV 4WD,Ford_FLEX AWD,13.836151960784312
Standard SUV 4WD,Ford_FLEX AWD,13.06747685185185
Standard SUV 4WD,GMC_ACADIA AWD,10.691571969696968
Standard SUV 4WD,GMC_ACADIA AWD,11.68872661074448
Standard SUV 4WD,GMC_K1500 YUKON 4WD,13.580518668206311
Standard SUV 4WD,GMC_K1500 YUKON 4WD,13.580518668206311
Standard SUV 4WD,GMC_K1500 YUKON 4WD,13.94641064257028
Standard SUV 4WD,GMC_K1500 YUKON XL 4WD,14.317558820903638
Standard SUV 4WD,GMC_K1500 YUKON XL 4WD,14.31729737187564
Standard SUV 4WD,GMC_K1500 YUKON XL 4WD,14.641886353968895
Standard SUV 4WD,INFINITI_QX80 4WD,15.68097222222222
Standard SUV 4WD,Jeep_Grand Cherokee 4X4,11.321783615879035
Standard SUV 4WD,Jeep_Grand Cherokee 4X4,14.094242411531951
Standard SUV 4WD,Jeep_Grand Cherokee SRT 4x4,15.736995927724921
Standard SUV 4WD,Jeep_Grand Cherokee Trackhawk 4x4,17.677199429835436
Standard SUV 4WD,Lamborghini_Urus,16.881954462698598
Standard SUV 4WD,Land Rover_Discovery,10.36900175157083
Standard SUV 4WD,Land Rover_Discovery,13.276133415363311
Standard SUV 4WD,Land Rover_Range Rover,13.001242742988957
Standard SUV 4WD,Land Rover_Range Rover LWB,13.001242742988957
Standard SUV 4WD,Land Rover_Range Rover LWB SVA,15.56197498682298
Standard SUV 4WD,Land Rover_Range Rover Sport,9.646148683100737
Standard SUV 4WD,Land Rover_Range Rover Sport,12.39903129788161
Standard SUV 4WD,Land Rover_Range Rover Sport,12.574755996072412
Standard SUV 4WD,Land Rover_Range Rover Sport SVR,14.307369379342784
Standard SUV 4WD,Land Rover_Range Rover SV Coupe,15.099733160433274
Standard SUV 4WD,Land Rover_Range Rover SVA,9.646148683100737
Standard SUV 4WD,Land Rover_Range Rover SVA,12.39903129788161
Standard SUV 4WD,Land Rover_Range Rover SVA,15.099733160433274
Standard SUV 4WD,LEXUS_GX 460,14.612959707096246
Standard SUV 4WD,LEXUS_LX 570,15.809344096284047
Standard SUV 4WD,LEXUS_RX 450h AWD,7.9002913163760775
Standard SUV 4WD,LEXUS_RX 450hL AWD,8.110847701149424
Standard SUV 4WD,Lincoln_MKT AWD,13.836151960784312
Standard SUV 4WD,Lincoln_Navigator 4WD,13.298275816579599
Standard SUV 4WD,MASERATI_LEVANTE,13.744468272425896
Standard SUV 4WD,MASERATI_LEVANTE GTS,15.312751589011784
Standard SUV 4WD,MASERATI_LEVANTE S,14.012461699461655
Standard SUV 4WD,MASERATI_LEVANTE Trofeo,15.312751589011784
Standard SUV 4WD,Mercedes-Benz_AMG G 63,16.9898719578554
Standard SUV 4WD,Mercedes-Benz_AMG GLE 43 4MATIC,12.419391600182335
Standard SUV 4WD,Mercedes-Benz_AMG GLE 43 4MATIC (coupe),12.619417425376403
Standard SUV 4WD,Mercedes-Benz_AMG GLE 63,16.716622721920963
Standard SUV 4WD,Mercedes-Benz_AMG GLE 63 S,15.479328173877182
Standard SUV 4WD,Mercedes-Benz_AMG GLE 63 S (coupe),15.265347689139254
Standard SUV 4WD,Mercedes-Benz_AMG GLS 63,15.880966527356733
Standard SUV 4WD,Mercedes-Benz_G 550,16.25656292692142
Standard SUV 4WD,Mercedes-Benz_GLE 400 4MATIC,12.04665656012114
Standard SUV 4WD,Mercedes-Benz_GLS 450 4MATIC,12.916213638793097
Standard SUV 4WD,Mercedes-Benz_GLS 550 4MATIC,15.111082915213148
Standard SUV 4WD,NISSAN_ARMADA 4WD,15.474643640350877
Standard SUV 4WD,Porsche_Cayenne,11.3768734562527
Standard SUV 4WD,Porsche_Cayenne S,11.785478671877607
Standard SUV 4WD,Porsche_Cayenne Turbo,13.857100636452362
Standard SUV 4WD,Subaru_ASCENT,10.269181849007563
Standard SUV 4WD,Subaru_ASCENT LIMITED/TOURING,10.665731810356423
Standard SUV 4WD,TOYOTA_4RUNNER 4WD,13.088563982712888
Standard SUV 4WD,TOYOTA_4RUNNER 4WD,13.088563982712888
Standard SUV 4WD,TOYOTA_HIGHLANDER AWD,10.581476516306848
Standard SUV 4WD,TOYOTA_HIGHLANDER AWD,10.646517841920478
Standard SUV 4WD,TOYOTA_HIGHLANDER AWD LE,10.367767732911359
Standard SUV 4WD,TOYOTA_HIGHLANDER HYBRID AWD,8.271747450699056
Standard SUV 4WD,TOYOTA_HIGHLANDER HYBRID AWD LE,8.13685758729917
Standard SUV 4WD,TOYOTA_LAND CRUISER WAGON 4WD,15.754704238056323
Standard SUV 4WD,TOYOTA_SEQUOIA 4WD,16.330150123463643
Standard SUV 4WD,Volkswagen_Atlas 4Motion,12.198218264731253
Standard SUV 4WD,"Volvo Cars of North America, LLC_XC90 AWD",10.691231794139885
Standard SUV 4WD,"Volvo Cars of North America, LLC_XC90 AWD",10.339375250922368
